run_id,rmse,mean,max,std,median
2025-07-19_17-48-13_result_normal_MH01_MaskRandom_run1,f_dataset-MH01_stereo_imu,GT_MH01.csv,0.03662621530927527,0.03444374191302325,0.07497720174924914,0.01245424790625414,0.03745027519758167
2025-07-19_17-48-13_result_normal_MH01_MaskRandom_run10,f_dataset-MH01_stereo_imu,GT_MH01.csv,0.04239644930292977,0.03968800794263561,0.08204906610277367,0.014910430545131383,0.045496000528834846
2025-07-19_17-48-13_result_normal_MH01_MaskRandom_run2,f_dataset-MH01_stereo_imu,GT_MH01.csv,0.03256442353213401,0.029897564868029268,0.06746338068495014,0.012906482671207725,0.033796047071496214
2025-07-19_17-48-13_result_normal_MH01_MaskRandom_run3,f_dataset-MH01_stereo_imu,GT_MH01.csv,0.034367122003981815,0.031476569270751036,0.07560764739422801,0.013795820446069272,0.03598597358335118
2025-07-19_17-48-13_result_normal_MH01_MaskRandom_run4,f_dataset-MH01_stereo_imu,GT_MH01.csv,0.03010222857867368,0.028009574373825504,0.07000691972749412,0.01102759759874543,0.02943323950240495
2025-07-19_17-48-13_result_normal_MH01_MaskRandom_run5,f_dataset-MH01_stereo_imu,GT_MH01.csv,0.03670841190736215,0.03417599226145443,0.0781728291743205,0.013398099033279822,0.03811084718731987
2025-07-19_17-48-13_result_normal_MH01_MaskRandom_run6,f_dataset-MH01_stereo_imu,GT_MH01.csv,0.03770013020540163,0.03495228465655339,0.07640933945273853,0.014129317562837177,0.03890001674894153
2025-07-19_17-48-13_result_normal_MH01_MaskRandom_run7,f_dataset-MH01_stereo_imu,GT_MH01.csv,0.03927165320487598,0.035877507152855925,0.07854110211086812,0.015970824209815146,0.04189621097417581
2025-07-19_17-48-13_result_normal_MH01_MaskRandom_run8,f_dataset-MH01_stereo_imu,GT_MH01.csv,0.040845138274543884,0.037851205032740844,0.08041894261077447,0.015349644889573947,0.04195869424233448
2025-07-19_17-48-13_result_normal_MH01_MaskRandom_run9,f_dataset-MH01_stereo_imu,GT_MH01.csv,0.04868096253281534,0.044734540554544885,0.09278664611113353,0.01920044255987735,0.05183880396204843
2025-07-19_17-48-13_result_normal_MH02_MaskRandom_run1,f_dataset-MH02_stereo_imu,GT_MH02.csv,0.028155021228022128,0.024204567739618134,0.07916727344258766,0.014382076376122242,0.019246966470847178
2025-07-19_17-48-13_result_normal_MH02_MaskRandom_run10,f_dataset-MH02_stereo_imu,GT_MH02.csv,0.03527020300424423,0.02894045006109909,0.10609216031239688,0.020160296878310807,0.022373374072397652
2025-07-19_17-48-13_result_normal_MH02_MaskRandom_run2,f_dataset-MH02_stereo_imu,GT_MH02.csv,0.038179500712585454,0.03238822103842852,0.10771449838865856,0.02021577138345727,0.0245635181138341
2025-07-19_17-48-13_result_normal_MH02_MaskRandom_run3,f_dataset-MH02_stereo_imu,GT_MH02.csv,0.04036537811891694,0.033134433603099867,0.11754213125653581,0.023053699496716453,0.025884372453532006
2025-07-19_17-48-13_result_normal_MH02_MaskRandom_run4,f_dataset-MH02_stereo_imu,GT_MH02.csv,0.03976122147510639,0.03298615785361638,0.11743160469104492,0.022200633397467834,0.02495659602389904
2025-07-19_17-48-13_result_normal_MH02_MaskRandom_run5,f_dataset-MH02_stereo_imu,GT_MH02.csv,0.04410304240294674,0.037702364786064556,0.12608727435278952,0.022882526930709322,0.028753641377361954
2025-07-19_17-48-13_result_normal_MH02_MaskRandom_run6,f_dataset-MH02_stereo_imu,GT_MH02.csv,0.030020797881098977,0.02612597894597782,0.08760493303690356,0.014787884552298904,0.021601555211665374
2025-07-19_17-48-13_result_normal_MH02_MaskRandom_run7,f_dataset-MH02_stereo_imu,GT_MH02.csv,0.03905645771204651,0.03157631645962594,0.120274891523588,0.02298571573509151,0.02400858878561974
2025-07-19_17-48-13_result_normal_MH02_MaskRandom_run8,f_dataset-MH02_stereo_imu,GT_MH02.csv,0.03917707498608508,0.033402113905727865,0.1076964850123633,0.02047295755610591,0.02733271326415393
2025-07-19_17-48-13_result_normal_MH02_MaskRandom_run9,f_dataset-MH02_stereo_imu,GT_MH02.csv,0.03147521864794355,0.026495286878832246,0.09101277952285627,0.016990855250523244,0.020986722045701338
2025-07-19_17-48-13_result_normal_MH03_MaskRandom_run1,f_dataset-MH03_stereo_imu,GT_MH03.csv,0.027509841666029204,0.024008066780907736,0.09508718924458807,0.013431460007514853,0.021551176246253773
2025-07-19_17-48-13_result_normal_MH03_MaskRandom_run10,f_dataset-MH03_stereo_imu,GT_MH03.csv,0.02730161369650486,0.023965622942198155,0.102558044154515,0.013077730209236124,0.02388822823112657
2025-07-19_17-48-13_result_normal_MH03_MaskRandom_run2,f_dataset-MH03_stereo_imu,GT_MH03.csv,0.026804585306609136,0.023648965885460088,0.09877268303631755,0.012617931922768928,0.023540206526207728
2025-07-19_17-48-13_result_normal_MH03_MaskRandom_run3,f_dataset-MH03_stereo_imu,GT_MH03.csv,0.03091542277753102,0.027651595495154686,0.11741468560693795,0.013825795893395236,0.027565564918040943
2025-07-19_17-48-13_result_normal_MH03_MaskRandom_run4,f_dataset-MH03_stereo_imu,GT_MH03.csv,0.028949933807082204,0.025745344298116046,0.10663376416989019,0.013239181032295945,0.025666535344302913
2025-07-19_17-48-13_result_normal_MH03_MaskRandom_run5,f_dataset-MH03_stereo_imu,GT_MH03.csv,0.02570711982044871,0.022096615236893498,0.11037245546280997,0.013137564634877839,0.01987714501357493
2025-07-19_17-48-13_result_normal_MH03_MaskRandom_run6,f_dataset-MH03_stereo_imu,GT_MH03.csv,0.028289529087797118,0.024996987109894193,0.11198189772512693,0.013245681992147582,0.02514467461112927
2025-07-19_17-48-13_result_normal_MH03_MaskRandom_run7,f_dataset-MH03_stereo_imu,GT_MH03.csv,0.02677618546645712,0.023381535968104925,0.1072719201571913,0.01304867364548311,0.0222164243096769
2025-07-19_17-48-13_result_normal_MH03_MaskRandom_run8,f_dataset-MH03_stereo_imu,GT_MH03.csv,0.029672801628929803,0.026513306313744475,0.11129034029255443,0.013323653583885183,0.026404185431785847
2025-07-19_17-48-13_result_normal_MH03_MaskRandom_run9,f_dataset-MH03_stereo_imu,GT_MH03.csv,0.031231104957249952,0.0279610159941821,0.11869331685697558,0.013912710067555317,0.027378698051872968
2025-07-19_17-48-13_result_normal_MH04_MaskRandom_run1,f_dataset-MH04_stereo_imu,GT_MH04.csv,0.050171309073057405,0.0424143547750058,0.18027651872198436,0.026798932126564194,0.03627986954080499
2025-07-19_17-48-13_result_normal_MH04_MaskRandom_run10,f_dataset-MH04_stereo_imu,GT_MH04.csv,0.04868150056873347,0.041133454883175734,0.17075846592181926,0.0260370387524646,0.033659034982441154
2025-07-19_17-48-13_result_normal_MH04_MaskRandom_run2,f_dataset-MH04_stereo_imu,GT_MH04.csv,0.04861474819678964,0.041871343441363125,0.18632636972930086,0.02470190965598973,0.034883633464284226
2025-07-19_17-48-13_result_normal_MH04_MaskRandom_run3,f_dataset-MH04_stereo_imu,GT_MH04.csv,0.04474301759487394,0.03853281033510157,0.1616707893710422,0.02274115544941129,0.031073017924253297
2025-07-19_17-48-13_result_normal_MH04_MaskRandom_run4,f_dataset-MH04_stereo_imu,GT_MH04.csv,0.04396711383626413,0.038480782083908344,0.17101404146958454,0.021268204186102972,0.03397339739940693
2025-07-19_17-48-13_result_normal_MH04_MaskRandom_run5,f_dataset-MH04_stereo_imu,GT_MH04.csv,0.045099887500251803,0.03789122089250235,0.1805139602165979,0.02445925656701288,0.029745601908849086
2025-07-19_17-48-13_result_normal_MH04_MaskRandom_run6,f_dataset-MH04_stereo_imu,GT_MH04.csv,0.04455619136528363,0.038181848138420835,0.18284559413175824,0.02296520545769938,0.03145619488856232
2025-07-19_17-48-13_result_normal_MH04_MaskRandom_run7,f_dataset-MH04_stereo_imu,GT_MH04.csv,0.04842034313061515,0.04262686205291354,0.1740764668089874,0.0229669384204423,0.03686517059420856
2025-07-19_17-48-13_result_normal_MH04_MaskRandom_run8,f_dataset-MH04_stereo_imu,GT_MH04.csv,0.046803357003341504,0.04040638343299843,0.18621914081813043,0.023619449710942594,0.03294273243001987
2025-07-19_17-48-13_result_normal_MH04_MaskRandom_run9,f_dataset-MH04_stereo_imu,GT_MH04.csv,0.04459648356148361,0.03899196758224882,0.17448415491372152,0.021644232721779136,0.03361391609926055
2025-07-19_17-48-13_result_normal_MH05_MaskRandom_run1,f_dataset-MH05_stereo_imu,GT_MH05.csv,0.06284964683702736,0.05714364168595451,0.1589630506020095,0.026166435034339408,0.056691519474749714
2025-07-19_17-48-13_result_normal_MH05_MaskRandom_run10,f_dataset-MH05_stereo_imu,GT_MH05.csv,0.0606606246051037,0.05350469719835888,0.167989929459189,0.028582490360240447,0.04657058877012528
2025-07-19_17-48-13_result_normal_MH05_MaskRandom_run2,f_dataset-MH05_stereo_imu,GT_MH05.csv,0.05892547389753035,0.05128119727955006,0.1557303720019543,0.02902499405037661,0.04392624207540256
2025-07-19_17-48-13_result_normal_MH05_MaskRandom_run3,f_dataset-MH05_stereo_imu,GT_MH05.csv,0.04684476984585399,0.04255973891078553,0.1250057293358452,0.019572968240836656,0.04230973758280268
2025-07-19_17-48-13_result_normal_MH05_MaskRandom_run4,f_dataset-MH05_stereo_imu,GT_MH05.csv,0.07427729496169509,0.06694794764945207,0.16872414640636071,0.03217279677542634,0.06327369934455201
2025-07-19_17-48-13_result_normal_MH05_MaskRandom_run5,f_dataset-MH05_stereo_imu,GT_MH05.csv,0.062329555797052606,0.05514794240082983,0.17566052466011453,0.029046135281869227,0.04923605336033278
2025-07-19_17-48-13_result_normal_MH05_MaskRandom_run6,f_dataset-MH05_stereo_imu,GT_MH05.csv,0.05091674741848039,0.04581392444306716,0.1214769709829225,0.022217099153630803,0.04548518038286292
2025-07-19_17-48-13_result_normal_MH05_MaskRandom_run7,f_dataset-MH05_stereo_imu,GT_MH05.csv,0.05284077619524627,0.04745250330514851,0.13570853676761124,0.023246667696488768,0.04674804260126398
2025-07-19_17-48-13_result_normal_MH05_MaskRandom_run8,f_dataset-MH05_stereo_imu,GT_MH05.csv,0.05871638451686743,0.052795333711404116,0.14397241571367886,0.025695652337197127,0.04890150440542779
2025-07-19_17-48-13_result_normal_MH05_MaskRandom_run9,f_dataset-MH05_stereo_imu,GT_MH05.csv,0.05448746789132066,0.04612460839944954,0.1672688453811401,0.02900697600931765,0.04084465138639306
2025-07-19_17-48-13_result_normal_V101_MaskRandom_run1,f_dataset-V101_stereo_imu,GT_V101.csv,0.03682281327500437,0.033999465899222994,0.08413940249395806,0.014140576227771331,0.03423279707420687
2025-07-19_17-48-13_result_normal_V101_MaskRandom_run10,f_dataset-V101_stereo_imu,GT_V101.csv,0.036349751756777675,0.033764644245892206,0.07964845231265341,0.013463032783429587,0.0342174516955074
2025-07-19_17-48-13_result_normal_V101_MaskRandom_run2,f_dataset-V101_stereo_imu,GT_V101.csv,0.037247455208296885,0.03430469288674704,0.08607644450187292,0.01451071898425607,0.034520574418833855
2025-07-19_17-48-13_result_normal_V101_MaskRandom_run3,f_dataset-V101_stereo_imu,GT_V101.csv,0.036700142560746364,0.03387255926747487,0.08356896506816097,0.014126223580649883,0.03374887339428794
2025-07-19_17-48-13_result_normal_V101_MaskRandom_run4,f_dataset-V101_stereo_imu,GT_V101.csv,0.038134831111098125,0.03530336599278263,0.08697739813134851,0.014420044849154122,0.03562560632256352
2025-07-19_17-48-13_result_normal_V101_MaskRandom_run5,f_dataset-V101_stereo_imu,GT_V101.csv,0.037127456636011656,0.034279118487550664,0.08638352295783909,0.014261489121946136,0.03392279378137687
2025-07-19_17-48-13_result_normal_V101_MaskRandom_run6,f_dataset-V101_stereo_imu,GT_V101.csv,0.03724029597303363,0.03453708186844359,0.0859605138040122,0.013929451538792546,0.034308524150922115
2025-07-19_17-48-13_result_normal_V101_MaskRandom_run7,f_dataset-V101_stereo_imu,GT_V101.csv,0.037256049382537564,0.03450139662948005,0.09228621756932703,0.014059404191123469,0.033784651666095115
2025-07-19_17-48-13_result_normal_V101_MaskRandom_run8,f_dataset-V101_stereo_imu,GT_V101.csv,0.03654509814620421,0.03379109889235431,0.07888393777888002,0.013917824332949063,0.033649490460105194
2025-07-19_17-48-13_result_normal_V101_MaskRandom_run9,f_dataset-V101_stereo_imu,GT_V101.csv,0.03846196191965845,0.035639847948071735,0.0873942333041764,0.01446111174659763,0.03594108199787213
2025-07-19_17-48-13_result_normal_V102_MaskRandom_run1,f_dataset-V102_stereo_imu,GT_V102.csv,0.01798190265043549,0.016413070940897386,0.04328882095895361,0.00734574197877987,0.015613257057529849
2025-07-19_17-48-13_result_normal_V102_MaskRandom_run10,f_dataset-V102_stereo_imu,GT_V102.csv,0.0158634718967299,0.014390566253958367,0.0434368910898966,0.006675428338973762,0.01351432699005377
2025-07-19_17-48-13_result_normal_V102_MaskRandom_run2,f_dataset-V102_stereo_imu,GT_V102.csv,0.015286695886923399,0.013852931536304607,0.05087555152804993,0.006463695459235222,0.01236092505728502
2025-07-19_17-48-13_result_normal_V102_MaskRandom_run3,f_dataset-V102_stereo_imu,GT_V102.csv,0.01760965401864839,0.015851792668038694,0.07240226800982097,0.007669457859980336,0.014627368078842677
2025-07-19_17-48-13_result_normal_V102_MaskRandom_run4,f_dataset-V102_stereo_imu,GT_V102.csv,0.019084732034633935,0.017418087678828593,0.0445809261574143,0.00779982169324545,0.016090480139868506
2025-07-19_17-48-13_result_normal_V102_MaskRandom_run5,f_dataset-V102_stereo_imu,GT_V102.csv,0.016785303142785413,0.0155345139526225,0.06121934604627438,0.006358087593842873,0.014620293655895211
2025-07-19_17-48-13_result_normal_V102_MaskRandom_run6,f_dataset-V102_stereo_imu,GT_V102.csv,0.01730059076820476,0.01585831845688266,0.04342030182102282,0.0069155026316954395,0.014562219695477765
2025-07-19_17-48-13_result_normal_V102_MaskRandom_run7,f_dataset-V102_stereo_imu,GT_V102.csv,0.01799987130116451,0.01638871689503483,0.05456652662205907,0.007443475357175958,0.01558774964056205
2025-07-19_17-48-13_result_normal_V102_MaskRandom_run8,f_dataset-V102_stereo_imu,GT_V102.csv,0.01729042426151135,0.015562749119057261,0.05072693703987063,0.007533897464151119,0.01458545797373992
2025-07-19_17-48-13_result_normal_V102_MaskRandom_run9,f_dataset-V102_stereo_imu,GT_V102.csv,0.015242574424686623,0.013586451591124326,0.0411958674375732,0.006909732864166746,0.012550856402644518
2025-07-19_17-48-13_result_normal_V103_MaskRandom_run1,f_dataset-V103_stereo_imu,GT_V103.csv,0.02350309213069089,0.021376444626704204,0.06584779939898548,0.009769491021808296,0.01920904199048449
2025-07-19_17-48-13_result_normal_V103_MaskRandom_run10,f_dataset-V103_stereo_imu,GT_V103.csv,0.024390288805164355,0.021795344296483492,0.06397845245729271,0.010947563884128287,0.019193417562514692
2025-07-19_17-48-13_result_normal_V103_MaskRandom_run2,f_dataset-V103_stereo_imu,GT_V103.csv,0.02415997289148171,0.021880550730495017,0.08026071354858207,0.01024430523985717,0.020776837212384172
2025-07-19_17-48-13_result_normal_V103_MaskRandom_run3,f_dataset-V103_stereo_imu,GT_V103.csv,0.025996471238863977,0.023269885922877893,0.09520040549989525,0.011590035634515154,0.02124083276954432
2025-07-19_17-48-13_result_normal_V103_MaskRandom_run4,f_dataset-V103_stereo_imu,GT_V103.csv,0.02254413489692887,0.020841279440348845,0.09135824995468494,0.008595294616254783,0.01955007152825498
2025-07-19_17-48-13_result_normal_V103_MaskRandom_run5,f_dataset-V103_stereo_imu,GT_V103.csv,0.023135110419081596,0.021052265793102758,0.11201794139862899,0.009593510258484823,0.01982125157810982
2025-07-19_17-48-13_result_normal_V103_MaskRandom_run6,f_dataset-V103_stereo_imu,GT_V103.csv,0.02414656208133772,0.02115417622596363,0.09079951985802676,0.011642907220654634,0.019307758565780583
2025-07-19_17-48-13_result_normal_V103_MaskRandom_run7,f_dataset-V103_stereo_imu,GT_V103.csv,0.02381053100695499,0.021364128619998958,0.07878615351526186,0.010512630267507114,0.018954312956605244
2025-07-19_17-48-13_result_normal_V103_MaskRandom_run8,f_dataset-V103_stereo_imu,GT_V103.csv,0.021380884559940548,0.01973838362885881,0.0581534330439068,0.008218177187521724,0.01899767831008261
2025-07-19_17-48-13_result_normal_V103_MaskRandom_run9,f_dataset-V103_stereo_imu,GT_V103.csv,0.025136602124561137,0.022386656471195827,0.071005100632587,0.011431814309599215,0.02075721554288454
2025-07-19_17-48-13_result_normal_V201_MaskRandom_run1,f_dataset-V201_stereo_imu,GT_V201.csv,0.04546734293236934,0.04192318084954239,0.08742207084293818,0.01759903920065634,0.0398400372408479
2025-07-19_17-48-13_result_normal_V201_MaskRandom_run10,f_dataset-V201_stereo_imu,GT_V201.csv,0.03158622219950449,0.02876917479727174,0.07149988899391738,0.01303932568503813,0.028943916170745664
2025-07-19_17-48-13_result_normal_V201_MaskRandom_run2,f_dataset-V201_stereo_imu,GT_V201.csv,0.04111476058113919,0.037619480982304436,0.07993798318107052,0.016589098476603,0.035903823711511566
2025-07-19_17-48-13_result_normal_V201_MaskRandom_run3,f_dataset-V201_stereo_imu,GT_V201.csv,0.0350563958089226,0.03213755162530082,0.06836410486487048,0.014004594340535893,0.033330675651551026
2025-07-19_17-48-13_result_normal_V201_MaskRandom_run4,f_dataset-V201_stereo_imu,GT_V201.csv,0.04214629322340177,0.03828925336060138,0.0881669575164155,0.017613719356247233,0.03548092259236723
2025-07-19_17-48-13_result_normal_V201_MaskRandom_run5,f_dataset-V201_stereo_imu,GT_V201.csv,0.029377665094517013,0.026863064407787837,0.07482535534619297,0.01189213929571318,0.027092993608999583
2025-07-19_17-48-13_result_normal_V201_MaskRandom_run6,f_dataset-V201_stereo_imu,GT_V201.csv,0.028502811006082436,0.026297184456958125,0.07241122391080208,0.01099401313830278,0.025575191350832367
2025-07-19_17-48-13_result_normal_V201_MaskRandom_run7,f_dataset-V201_stereo_imu,GT_V201.csv,0.0317901834521809,0.02917943949488505,0.08606470332431358,0.012616500096606004,0.028256966719600003
2025-07-19_17-48-13_result_normal_V201_MaskRandom_run8,f_dataset-V201_stereo_imu,GT_V201.csv,0.038308369927106824,0.03481526279182771,0.08325931430009405,0.015982136378095382,0.03131869441692102
2025-07-19_17-48-13_result_normal_V201_MaskRandom_run9,f_dataset-V201_stereo_imu,GT_V201.csv,0.04009153832748279,0.03619519522710283,0.09121409634891853,0.017240628988988014,0.031666356130761894
2025-07-19_17-48-13_result_normal_V202_MaskRandom_run1,f_dataset-V202_stereo_imu,GT_V202.csv,0.013547128809196432,0.012208692152280133,0.04680978515135895,0.005871331612489058,0.011640232939705682
2025-07-19_17-48-13_result_normal_V202_MaskRandom_run10,f_dataset-V202_stereo_imu,GT_V202.csv,0.013410595881301576,0.011911536014864041,0.049930670719904376,0.0061611193510740965,0.01106706855808873
2025-07-19_17-48-13_result_normal_V202_MaskRandom_run2,f_dataset-V202_stereo_imu,GT_V202.csv,0.02219796059575126,0.020635295630075073,0.055501359992503385,0.008181321951245423,0.01972916745745013
2025-07-19_17-48-13_result_normal_V202_MaskRandom_run3,f_dataset-V202_stereo_imu,GT_V202.csv,0.013685466783029203,0.012087386474526878,0.0411406350000001,0.006417716828033189,0.011149054964789887
2025-07-19_17-48-13_result_normal_V202_MaskRandom_run4,f_dataset-V202_stereo_imu,GT_V202.csv,0.011111284273752221,0.009647585882661219,0.046309520261947866,0.005512234106858068,0.008795991036977271
2025-07-19_17-48-13_result_normal_V202_MaskRandom_run5,f_dataset-V202_stereo_imu,GT_V202.csv,0.014130550642187052,0.012214443427464992,0.10530371486325225,0.0071049161296014044,0.010967532978720322
2025-07-19_17-48-13_result_normal_V202_MaskRandom_run6,f_dataset-V202_stereo_imu,GT_V202.csv,0.01376117917781472,0.012281253119025557,0.047248284608012,0.0062081296853679245,0.011061675867905525
2025-07-19_17-48-13_result_normal_V202_MaskRandom_run7,f_dataset-V202_stereo_imu,GT_V202.csv,0.016464901357208593,0.014493225120134566,0.046418076814238485,0.007812771743735373,0.012234268575007718
2025-07-19_17-48-13_result_normal_V202_MaskRandom_run8,f_dataset-V202_stereo_imu,GT_V202.csv,0.016182973708121752,0.014722893600641121,0.046122915514477315,0.006717517552039653,0.013924721750410287
2025-07-19_17-48-13_result_normal_V202_MaskRandom_run9,f_dataset-V202_stereo_imu,GT_V202.csv,0.012339513781622766,0.010759195634896452,0.04973660073158541,0.006041796889740943,0.009490835691784709
2025-07-19_17-48-13_result_normal_V203_MaskRandom_run1,f_dataset-V203_stereo_imu,GT_V203.csv,0.023063080756255044,0.015950585814599544,0.27879077317143003,0.016657866194102942,0.01268327374514606
2025-07-19_17-48-13_result_normal_V203_MaskRandom_run10,f_dataset-V203_stereo_imu,GT_V203.csv,0.04424602648116421,0.03975970273142755,0.22356360585171464,0.01941331754441775,0.036479779564319394
2025-07-19_17-48-13_result_normal_V203_MaskRandom_run2,f_dataset-V203_stereo_imu,GT_V203.csv,0.20495476931486392,0.18573027222105654,0.47572401764928496,0.08666443010602044,0.1597372137306616
2025-07-19_17-48-13_result_normal_V203_MaskRandom_run3,f_dataset-V203_stereo_imu,GT_V203.csv,0.020785118065240745,0.016316140711617313,0.16950945777780807,0.012876516814134995,0.013616436771321
2025-07-19_17-48-13_result_normal_V203_MaskRandom_run4,f_dataset-V203_stereo_imu,GT_V203.csv,0.024895061159810307,0.02003952705066878,0.20139886332077198,0.014770965633167309,0.01710118407253321
2025-07-19_17-48-13_result_normal_V203_MaskRandom_run5,f_dataset-V203_stereo_imu,GT_V203.csv,0.02762543632650673,0.025109228672697857,0.12735842901673036,0.011519173915348508,0.024647782180316716
2025-07-19_17-48-13_result_normal_V203_MaskRandom_run6,f_dataset-V203_stereo_imu,GT_V203.csv,0.03254711915592539,0.02739996279130613,0.27197416086724097,0.017565790741809643,0.022740873223074644
2025-07-19_17-48-13_result_normal_V203_MaskRandom_run7,f_dataset-V203_stereo_imu,GT_V203.csv,0.023481001955605894,0.019052063778404602,0.12491012325946382,0.013725025268565854,0.01545780399427146
2025-07-19_17-48-13_result_normal_V203_MaskRandom_run8,f_dataset-V203_stereo_imu,GT_V203.csv,0.05078970366657144,0.0415744054781238,0.23716563166575697,0.029174694645851762,0.034104927757632485
2025-07-19_17-48-13_result_normal_V203_MaskRandom_run9,f_dataset-V203_stereo_imu,GT_V203.csv,0.03793762220314524,0.033517236285049115,0.1678654634690016,0.01777239573723153,0.02859356515970556
2025-07-19_22-31-52_result_normal_MH01_MaskVerticalStripes_run1,f_dataset-MH01_stereo_imu,GT_MH01.csv,0.04302934935498613,0.039909841890451395,0.08712902060708469,0.016085068423622454,0.04611942069505047
2025-07-19_22-31-52_result_normal_MH01_MaskVerticalStripes_run10,f_dataset-MH01_stereo_imu,GT_MH01.csv,0.04908976133135591,0.045514717533131785,0.09519233833355964,0.01839062683675331,0.05302535054599665
2025-07-19_22-31-52_result_normal_MH01_MaskVerticalStripes_run2,f_dataset-MH01_stereo_imu,GT_MH01.csv,0.043672964193773325,0.04028769492938801,0.08739923026079807,0.01685910551444444,0.04593142594909743
2025-07-19_22-31-52_result_normal_MH01_MaskVerticalStripes_run3,f_dataset-MH01_stereo_imu,GT_MH01.csv,0.03784427390010626,0.035205209688549274,0.07765785987930644,0.013884605785240705,0.038800905049846596
2025-07-19_22-31-52_result_normal_MH01_MaskVerticalStripes_run4,f_dataset-MH01_stereo_imu,GT_MH01.csv,0.03665106908854479,0.034227368950948904,0.07453053375980062,0.013106795185280882,0.03608707515373469
2025-07-19_22-31-52_result_normal_MH01_MaskVerticalStripes_run5,f_dataset-MH01_stereo_imu,GT_MH01.csv,0.04094802821157038,0.03849799968645576,0.0832324639113586,0.013951524452804969,0.04208428896012201
2025-07-19_22-31-52_result_normal_MH01_MaskVerticalStripes_run6,f_dataset-MH01_stereo_imu,GT_MH01.csv,0.04188770169853737,0.03912871685873569,0.07905774646054778,0.014950687963252551,0.04454106578473162
2025-07-19_22-31-52_result_normal_MH01_MaskVerticalStripes_run7,f_dataset-MH01_stereo_imu,GT_MH01.csv,0.04335172255470796,0.040281702601339446,0.08922483771111617,0.016023616445659784,0.044546444134453814
2025-07-19_22-31-52_result_normal_MH01_MaskVerticalStripes_run8,f_dataset-MH01_stereo_imu,GT_MH01.csv,0.039944491936484736,0.037260407983511046,0.10160232555167623,0.014395292041712837,0.04022108865150607
2025-07-19_22-31-52_result_normal_MH01_MaskVerticalStripes_run9,f_dataset-MH01_stereo_imu,GT_MH01.csv,0.03729690153115733,0.03447866197824293,0.07637885871888421,0.014222543092390738,0.038653294951560085
2025-07-19_22-31-52_result_normal_MH02_MaskVerticalStripes_run1,f_dataset-MH02_stereo_imu,GT_MH02.csv,0.04106176333209545,0.0335994006876463,0.12281288525918728,0.0236039971481953,0.024184636437642817
2025-07-19_22-31-52_result_normal_MH02_MaskVerticalStripes_run10,f_dataset-MH02_stereo_imu,GT_MH02.csv,0.031244851797640416,0.026937348592026393,0.08814831363140258,0.015830982745495208,0.021286187102729837
2025-07-19_22-31-52_result_normal_MH02_MaskVerticalStripes_run2,f_dataset-MH02_stereo_imu,GT_MH02.csv,0.03744737341004204,0.030410259066877054,0.11077760129271727,0.02185227491124312,0.022248231372129376
2025-07-19_22-31-52_result_normal_MH02_MaskVerticalStripes_run3,f_dataset-MH02_stereo_imu,GT_MH02.csv,0.03749353089828786,0.03198878486894257,0.10416963803227382,0.019557159861017068,0.024811525526522306
2025-07-19_22-31-52_result_normal_MH02_MaskVerticalStripes_run4,f_dataset-MH02_stereo_imu,GT_MH02.csv,0.03847251820203144,0.03178995369871285,0.1151572427899274,0.021668721712166893,0.024005999778093597
2025-07-19_22-31-52_result_normal_MH02_MaskVerticalStripes_run5,f_dataset-MH02_stereo_imu,GT_MH02.csv,0.03273864851348893,0.027532200100120845,0.09568369209773342,0.017714318054519524,0.0210754320014025
2025-07-19_22-31-52_result_normal_MH02_MaskVerticalStripes_run6,f_dataset-MH02_stereo_imu,GT_MH02.csv,0.033520767503398524,0.02796068973888217,0.09765254242533457,0.018488961121243888,0.02171592772408633
2025-07-19_22-31-52_result_normal_MH02_MaskVerticalStripes_run7,f_dataset-MH02_stereo_imu,GT_MH02.csv,0.0341301664888121,0.030560490289068327,0.08510587670806058,0.01519620669265171,0.026394269206682083
2025-07-19_22-31-52_result_normal_MH02_MaskVerticalStripes_run8,f_dataset-MH02_stereo_imu,GT_MH02.csv,0.03127641000118358,0.026521490909237656,0.08811467593026862,0.01657782683325413,0.019807869597443514
2025-07-19_22-31-52_result_normal_MH02_MaskVerticalStripes_run9,f_dataset-MH02_stereo_imu,GT_MH02.csv,0.048557430482429574,0.039974798946407666,0.14831539320288176,0.027565186454117534,0.030073912006969003
2025-07-19_22-31-52_result_normal_MH03_MaskVerticalStripes_run1,f_dataset-MH03_stereo_imu,GT_MH03.csv,0.02890406863412318,0.02537122827548782,0.10684911409940895,0.01384723652571843,0.024956841712020984
2025-07-19_22-31-52_result_normal_MH03_MaskVerticalStripes_run10,f_dataset-MH03_stereo_imu,GT_MH03.csv,0.030724666527091812,0.027543261241063655,0.10883108209094462,0.01361520816614702,0.02818769149431602
2025-07-19_22-31-52_result_normal_MH03_MaskVerticalStripes_run2,f_dataset-MH03_stereo_imu,GT_MH03.csv,0.028134914763304104,0.024675696368766997,0.10787507297201676,0.013516043705715318,0.024463724457924142
2025-07-19_22-31-52_result_normal_MH03_MaskVerticalStripes_run3,f_dataset-MH03_stereo_imu,GT_MH03.csv,0.028241073971125165,0.0244445339057722,0.08932809095341958,0.01414294952165624,0.021774451934609803
2025-07-19_22-31-52_result_normal_MH03_MaskVerticalStripes_run4,f_dataset-MH03_stereo_imu,GT_MH03.csv,0.029764260888495594,0.026340388820511085,0.11290003875176355,0.013859839213451325,0.026458341883141577
2025-07-19_22-31-52_result_normal_MH03_MaskVerticalStripes_run5,f_dataset-MH03_stereo_imu,GT_MH03.csv,0.027389330282997656,0.023280029963433237,0.09715938014535577,0.014429678383553224,0.020515411552839466
2025-07-19_22-31-52_result_normal_MH03_MaskVerticalStripes_run6,f_dataset-MH03_stereo_imu,GT_MH03.csv,0.026541366916917053,0.023287871217780132,0.10845315364195518,0.012732604288302802,0.020575884104114896
2025-07-19_22-31-52_result_normal_MH03_MaskVerticalStripes_run7,f_dataset-MH03_stereo_imu,GT_MH03.csv,0.028513706596930682,0.02505393443808812,0.10989747345652891,0.013613663469758263,0.023633148742422765
2025-07-19_22-31-52_result_normal_MH03_MaskVerticalStripes_run8,f_dataset-MH03_stereo_imu,GT_MH03.csv,0.028704093266177275,0.025477088877531598,0.09499322453526335,0.013222817875164113,0.025392610614656995
2025-07-19_22-31-52_result_normal_MH03_MaskVerticalStripes_run9,f_dataset-MH03_stereo_imu,GT_MH03.csv,0.027871162670120693,0.024695800022403548,0.10690204109120693,0.012919720191930713,0.0249201954187111
2025-07-19_22-31-52_result_normal_MH04_MaskVerticalStripes_run1,f_dataset-MH04_stereo_imu,GT_MH04.csv,0.047613419723886524,0.042558006205991095,0.17738324449991938,0.02135073407575979,0.03811969610909654
2025-07-19_22-31-52_result_normal_MH04_MaskVerticalStripes_run10,f_dataset-MH04_stereo_imu,GT_MH04.csv,0.04782006908694302,0.040695650322470606,0.18825044384432799,0.025112209228007033,0.03300048071855307
2025-07-19_22-31-52_result_normal_MH04_MaskVerticalStripes_run2,f_dataset-MH04_stereo_imu,GT_MH04.csv,0.05085320242828607,0.04326506281770513,0.18325984148518734,0.0267241938436367,0.03623740619957102
2025-07-19_22-31-52_result_normal_MH04_MaskVerticalStripes_run3,f_dataset-MH04_stereo_imu,GT_MH04.csv,0.05199502645888766,0.04428966194264737,0.1984955515783761,0.027237999586358044,0.03729948307580984
2025-07-19_22-31-52_result_normal_MH04_MaskVerticalStripes_run4,f_dataset-MH04_stereo_imu,GT_MH04.csv,0.04438977631219084,0.038261909764468395,0.17431863128421052,0.022505077254300117,0.03259711828347499
2025-07-19_22-31-52_result_normal_MH04_MaskVerticalStripes_run5,f_dataset-MH04_stereo_imu,GT_MH04.csv,0.047442381337267255,0.040790803219223785,0.1783601975596826,0.024225811022156665,0.035470842697260814
2025-07-19_22-31-52_result_normal_MH04_MaskVerticalStripes_run6,f_dataset-MH04_stereo_imu,GT_MH04.csv,0.04635025611117353,0.03948609074463515,0.19383182554604014,0.02427333679735479,0.03304315049749199
2025-07-19_22-31-52_result_normal_MH04_MaskVerticalStripes_run7,f_dataset-MH04_stereo_imu,GT_MH04.csv,0.047188604842976024,0.041213671204308154,0.17197041583514958,0.022982552793145514,0.036214587204464035
2025-07-19_22-31-52_result_normal_MH04_MaskVerticalStripes_run8,f_dataset-MH04_stereo_imu,GT_MH04.csv,0.04452433672134973,0.038210894911042945,0.1918712608378174,0.0228548478571476,0.031706893256651825
2025-07-19_22-31-52_result_normal_MH04_MaskVerticalStripes_run9,f_dataset-MH04_stereo_imu,GT_MH04.csv,0.05157799406419229,0.04480971585100482,0.19333760552373572,0.02554170779407797,0.03559826160052587
2025-07-19_22-31-52_result_normal_MH05_MaskVerticalStripes_run1,f_dataset-MH05_stereo_imu,GT_MH05.csv,0.05137798614303374,0.04609906780862543,0.12499632807807799,0.022684210528240146,0.04482594020154518
2025-07-19_22-31-52_result_normal_MH05_MaskVerticalStripes_run10,f_dataset-MH05_stereo_imu,GT_MH05.csv,0.05363066112509511,0.04889902520245707,0.1510993304573835,0.02202573828420412,0.04769827832896685
2025-07-19_22-31-52_result_normal_MH05_MaskVerticalStripes_run2,f_dataset-MH05_stereo_imu,GT_MH05.csv,0.057705168800438945,0.05059160320883415,0.16017609602624008,0.027755651515448794,0.04275634558576752
2025-07-19_22-31-52_result_normal_MH05_MaskVerticalStripes_run3,f_dataset-MH05_stereo_imu,GT_MH05.csv,0.05399945206064147,0.0478128433340229,0.14451118578521363,0.025097267484044925,0.04225382383374039
2025-07-19_22-31-52_result_normal_MH05_MaskVerticalStripes_run4,f_dataset-MH05_stereo_imu,GT_MH05.csv,0.06576481794159904,0.057793888365091126,0.17695025153582827,0.03138276193286774,0.04948761689292773
2025-07-19_22-31-52_result_normal_MH05_MaskVerticalStripes_run5,f_dataset-MH05_stereo_imu,GT_MH05.csv,0.05878038020083625,0.05402688394770072,0.1456824270298133,0.023156616925979055,0.051019249708376596
2025-07-19_22-31-52_result_normal_MH05_MaskVerticalStripes_run6,f_dataset-MH05_stereo_imu,GT_MH05.csv,0.10245679729166876,0.09491816556162884,0.2040467255888317,0.03857378847976073,0.09709190711204915
2025-07-19_22-31-52_result_normal_MH05_MaskVerticalStripes_run7,f_dataset-MH05_stereo_imu,GT_MH05.csv,0.060182241679549914,0.05476765984523468,0.12667662583724212,0.02494805901573153,0.051504681982327424
2025-07-19_22-31-52_result_normal_MH05_MaskVerticalStripes_run8,f_dataset-MH05_stereo_imu,GT_MH05.csv,0.053281064382001,0.048097925410254073,0.14030180603969322,0.022922944682317144,0.04832725222617452
2025-07-19_22-31-52_result_normal_MH05_MaskVerticalStripes_run9,f_dataset-MH05_stereo_imu,GT_MH05.csv,0.05579536185505911,0.048103318288377786,0.16770265779077753,0.028270004849380637,0.04012399081684781
2025-07-19_22-31-52_result_normal_V101_MaskVerticalStripes_run1,f_dataset-V101_stereo_imu,GT_V101.csv,0.03864917766156744,0.035797057633772646,0.08741912571266582,0.014571533847874886,0.03587118253849602
2025-07-19_22-31-52_result_normal_V101_MaskVerticalStripes_run10,f_dataset-V101_stereo_imu,GT_V101.csv,0.03886251761828265,0.035982619260203304,0.0849152282134045,0.014681498111792845,0.03595422715564193
2025-07-19_22-31-52_result_normal_V101_MaskVerticalStripes_run2,f_dataset-V101_stereo_imu,GT_V101.csv,0.038426673003282966,0.035356331000251456,0.08886321996944917,0.015051214446080197,0.03534036927236557
2025-07-19_22-31-52_result_normal_V101_MaskVerticalStripes_run3,f_dataset-V101_stereo_imu,GT_V101.csv,0.03830928431976534,0.035391548675697194,0.09084856530931001,0.014664226792721646,0.03527242587376489
2025-07-19_22-31-52_result_normal_V101_MaskVerticalStripes_run4,f_dataset-V101_stereo_imu,GT_V101.csv,0.03786135970667014,0.03480707523810731,0.08916629167902472,0.014897988864494506,0.033960008727819846
2025-07-19_22-31-52_result_normal_V101_MaskVerticalStripes_run5,f_dataset-V101_stereo_imu,GT_V101.csv,0.038301881884967165,0.03520192560228266,0.08926360108023572,0.015094985585330414,0.034303612116494284
2025-07-19_22-31-52_result_normal_V101_MaskVerticalStripes_run6,f_dataset-V101_stereo_imu,GT_V101.csv,0.0388686566478759,0.03597679457255516,0.08901796480350724,0.014711992451555711,0.03568768043310915
2025-07-19_22-31-52_result_normal_V101_MaskVerticalStripes_run7,f_dataset-V101_stereo_imu,GT_V101.csv,0.03810035229886878,0.035175191720328756,0.08931291964874662,0.014640448515534981,0.03519193526786485
2025-07-19_22-31-52_result_normal_V101_MaskVerticalStripes_run8,f_dataset-V101_stereo_imu,GT_V101.csv,0.0379701299692009,0.035021923781372116,0.08878758191457731,0.014669547523007356,0.0347238778974126
2025-07-19_22-31-52_result_normal_V101_MaskVerticalStripes_run9,f_dataset-V101_stereo_imu,GT_V101.csv,0.03852381781794483,0.035764530845841996,0.08833435813536103,0.01431722293767266,0.036077647156205074
2025-07-19_22-31-52_result_normal_V102_MaskVerticalStripes_run1,f_dataset-V102_stereo_imu,GT_V102.csv,0.01710892819453229,0.015450995115639793,0.03862423354779353,0.007347256215903807,0.014509991714579978
2025-07-19_22-31-52_result_normal_V102_MaskVerticalStripes_run10,f_dataset-V102_stereo_imu,GT_V102.csv,0.016834851022191785,0.015567255348664481,0.061082468920332575,0.006408804088819446,0.014582133532590707
2025-07-19_22-31-52_result_normal_V102_MaskVerticalStripes_run2,f_dataset-V102_stereo_imu,GT_V102.csv,0.016754182506633134,0.01513762081723054,0.056121409034271735,0.0071801857538172555,0.014464293409681315
2025-07-19_22-31-52_result_normal_V102_MaskVerticalStripes_run3,f_dataset-V102_stereo_imu,GT_V102.csv,0.01761906682825571,0.015937635039790576,0.04934013213467524,0.007511544796976212,0.014912833112356486
2025-07-19_22-31-52_result_normal_V102_MaskVerticalStripes_run4,f_dataset-V102_stereo_imu,GT_V102.csv,0.018099921049118135,0.016632571307193693,0.04800399457362144,0.007138957465584648,0.01563284069699178
2025-07-19_22-31-52_result_normal_V102_MaskVerticalStripes_run5,f_dataset-V102_stereo_imu,GT_V102.csv,0.016106424477665908,0.014632223669645126,0.04473115426219772,0.006731637240392,0.013523865848468146
2025-07-19_22-31-52_result_normal_V102_MaskVerticalStripes_run6,f_dataset-V102_stereo_imu,GT_V102.csv,0.019448065172383268,0.01760826259256537,0.05229798773611306,0.00825689574964648,0.017002023702773282
2025-07-19_22-31-52_result_normal_V102_MaskVerticalStripes_run7,f_dataset-V102_stereo_imu,GT_V102.csv,0.016308059239362384,0.01483171285489266,0.05660168071048476,0.006780345857297009,0.013876427514048122
2025-07-19_22-31-52_result_normal_V102_MaskVerticalStripes_run8,f_dataset-V102_stereo_imu,GT_V102.csv,0.016338022550850276,0.014748570769155948,0.03908173710909021,0.007029270313431608,0.012903827311309738
2025-07-19_22-31-52_result_normal_V102_MaskVerticalStripes_run9,f_dataset-V102_stereo_imu,GT_V102.csv,0.01806816267795561,0.016101290125629313,0.05226911770394014,0.008197985048009056,0.015337344233245702
2025-07-19_22-31-52_result_normal_V103_MaskVerticalStripes_run1,f_dataset-V103_stereo_imu,GT_V103.csv,0.024768425989981965,0.022429367021887657,0.09009381267154715,0.010507065290492503,0.02142098163210404
2025-07-19_22-31-52_result_normal_V103_MaskVerticalStripes_run10,f_dataset-V103_stereo_imu,GT_V103.csv,0.022089371859278374,0.020403201226231037,0.09019575321325744,0.00846461628542036,0.01977172199520594
2025-07-19_22-31-52_result_normal_V103_MaskVerticalStripes_run2,f_dataset-V103_stereo_imu,GT_V103.csv,0.02327502359280643,0.0207968672518287,0.0701567974300256,0.010450695467551945,0.018484718741944607
2025-07-19_22-31-52_result_normal_V103_MaskVerticalStripes_run3,f_dataset-V103_stereo_imu,GT_V103.csv,0.024744624579314818,0.022079836145546827,0.0814353377156342,0.011170375166351165,0.02103236598909216
2025-07-19_22-31-52_result_normal_V103_MaskVerticalStripes_run4,f_dataset-V103_stereo_imu,GT_V103.csv,0.023805513069709495,0.022144441567738583,0.07197711514984068,0.008736484428253812,0.021394513472256356
2025-07-19_22-31-52_result_normal_V103_MaskVerticalStripes_run5,f_dataset-V103_stereo_imu,GT_V103.csv,0.023722868593931662,0.021532807656463537,0.07411977514311009,0.009955535583518067,0.020682338918426118
2025-07-19_22-31-52_result_normal_V103_MaskVerticalStripes_run6,f_dataset-V103_stereo_imu,GT_V103.csv,0.02325907429356675,0.021135254658173862,0.07262710627366152,0.009710074537705542,0.018755511218907284
2025-07-19_22-31-52_result_normal_V103_MaskVerticalStripes_run7,f_dataset-V103_stereo_imu,GT_V103.csv,0.024702927033496924,0.022026344562500865,0.09644490415555142,0.0111836822753627,0.01993827015746264
2025-07-19_22-31-52_result_normal_V103_MaskVerticalStripes_run8,f_dataset-V103_stereo_imu,GT_V103.csv,0.022122608843056366,0.01973457087822991,0.07303472312071932,0.00999782647753979,0.0176897612113849
2025-07-19_22-31-52_result_normal_V103_MaskVerticalStripes_run9,f_dataset-V103_stereo_imu,GT_V103.csv,0.025514879205033095,0.023004266374503174,0.09233011807091818,0.011036883138745871,0.020693457408875574
2025-07-19_22-31-52_result_normal_V201_MaskVerticalStripes_run1,f_dataset-V201_stereo_imu,GT_V201.csv,0.04482864785554561,0.041080774360010834,0.09122780144216855,0.01794373557925972,0.040856210141545474
2025-07-19_22-31-52_result_normal_V201_MaskVerticalStripes_run10,f_dataset-V201_stereo_imu,GT_V201.csv,0.039863124382951635,0.03647055271312397,0.07522922891635508,0.016092466261263958,0.0356581149748917
2025-07-19_22-31-52_result_normal_V201_MaskVerticalStripes_run2,f_dataset-V201_stereo_imu,GT_V201.csv,0.03424902087721761,0.03118668007910103,0.0725403807503719,0.014155790924278695,0.027566818080025444
2025-07-19_22-31-52_result_normal_V201_MaskVerticalStripes_run3,f_dataset-V201_stereo_imu,GT_V201.csv,0.014117511698223964,0.012934423646888338,0.03896919044402605,0.005657280395411404,0.012302186444946817
2025-07-19_22-31-52_result_normal_V201_MaskVerticalStripes_run4,f_dataset-V201_stereo_imu,GT_V201.csv,0.03652202097351802,0.03286063102890299,0.07507124860019139,0.015938536456412432,0.03142555733595468
2025-07-19_22-31-52_result_normal_V201_MaskVerticalStripes_run5,f_dataset-V201_stereo_imu,GT_V201.csv,0.03332494505144694,0.030372679527115146,0.07905874622915338,0.013713216290320738,0.03016104743897096
2025-07-19_22-31-52_result_normal_V201_MaskVerticalStripes_run6,f_dataset-V201_stereo_imu,GT_V201.csv,0.03808840869078426,0.03491398864493072,0.07507489294791087,0.01522301788404186,0.03146178097733084
2025-07-19_22-31-52_result_normal_V201_MaskVerticalStripes_run7,f_dataset-V201_stereo_imu,GT_V201.csv,0.038081496367579945,0.034443804452992444,0.07917697942618865,0.01624268144112981,0.03307891599577642
2025-07-19_22-31-52_result_normal_V201_MaskVerticalStripes_run8,f_dataset-V201_stereo_imu,GT_V201.csv,0.04748742225685826,0.043102031643295145,0.09913555428027315,0.01993163668195719,0.040733730748701506
2025-07-19_22-31-52_result_normal_V201_MaskVerticalStripes_run9,f_dataset-V201_stereo_imu,GT_V201.csv,0.037572073413566213,0.03407923754139331,0.07555109830498692,0.015819806231167886,0.032919129402246464
2025-07-19_22-31-52_result_normal_V202_MaskVerticalStripes_run1,f_dataset-V202_stereo_imu,GT_V202.csv,0.013162308757090277,0.011535031196205976,0.044558962947993254,0.0063395131610818785,0.011149831101552264
2025-07-19_22-31-52_result_normal_V202_MaskVerticalStripes_run10,f_dataset-V202_stereo_imu,GT_V202.csv,0.014116303016108753,0.012176349680005218,0.04874140989868656,0.007141884857153463,0.01101477933556107
2025-07-19_22-31-52_result_normal_V202_MaskVerticalStripes_run2,f_dataset-V202_stereo_imu,GT_V202.csv,0.012398760407888123,0.010986574503821492,0.07027591322771815,0.005746689509986911,0.009868226382630645
2025-07-19_22-31-52_result_normal_V202_MaskVerticalStripes_run3,f_dataset-V202_stereo_imu,GT_V202.csv,0.014706426378128613,0.012838727961803574,0.03934516116280249,0.007172589569891763,0.012231826810350312
2025-07-19_22-31-52_result_normal_V202_MaskVerticalStripes_run4,f_dataset-V202_stereo_imu,GT_V202.csv,0.014738602152936486,0.012783856331337962,0.051665157582825576,0.007334808158517464,0.011060271992941791
2025-07-19_22-31-52_result_normal_V202_MaskVerticalStripes_run5,f_dataset-V202_stereo_imu,GT_V202.csv,0.013335799765598781,0.011877840826726995,0.0464405424928479,0.006063039887967253,0.01081957786875306
2025-07-19_22-31-52_result_normal_V202_MaskVerticalStripes_run6,f_dataset-V202_stereo_imu,GT_V202.csv,0.013253933495670585,0.0113528436907406,0.057767050364469975,0.0068395682057619716,0.01023395423874925
2025-07-19_22-31-52_result_normal_V202_MaskVerticalStripes_run7,f_dataset-V202_stereo_imu,GT_V202.csv,0.013240917703317746,0.0116617209309368,0.040719606723516905,0.006271057849755799,0.011107794621433985
2025-07-19_22-31-52_result_normal_V202_MaskVerticalStripes_run8,f_dataset-V202_stereo_imu,GT_V202.csv,0.014265333232906862,0.012728846696018203,0.03596273356502862,0.006440201397094926,0.011577332293956834
2025-07-19_22-31-52_result_normal_V202_MaskVerticalStripes_run9,f_dataset-V202_stereo_imu,GT_V202.csv,0.018238832465174534,0.0164334033841996,0.04529967767815459,0.007911906401423216,0.015515033366080174
2025-07-19_22-31-52_result_normal_V203_MaskVerticalStripes_run1,f_dataset-V203_stereo_imu,GT_V203.csv,0.21264543961671398,0.1267151631100656,1.121003576839928,0.1707669477029294,0.08875650704086116
2025-07-19_22-31-52_result_normal_V203_MaskVerticalStripes_run10,f_dataset-V203_stereo_imu,GT_V203.csv,0.036902815199644425,0.03228299690197271,0.2288875040433047,0.017878083809131442,0.03041201681568176
2025-07-19_22-31-52_result_normal_V203_MaskVerticalStripes_run2,f_dataset-V203_stereo_imu,GT_V203.csv,0.020045061611612087,0.015265930872047724,0.188799828480195,0.012990606206916779,0.01269373934835859
2025-07-19_22-31-52_result_normal_V203_MaskVerticalStripes_run3,f_dataset-V203_stereo_imu,GT_V203.csv,0.020662669009653165,0.0165760287900424,0.11852837441344166,0.012336172832534686,0.013097777275390706
2025-07-19_22-31-52_result_normal_V203_MaskVerticalStripes_run4,f_dataset-V203_stereo_imu,GT_V203.csv,0.025835088178476392,0.01986374736944424,0.20632461896510046,0.01651918041649003,0.015196813901788614
2025-07-19_22-31-52_result_normal_V203_MaskVerticalStripes_run5,f_dataset-V203_stereo_imu,GT_V203.csv,0.034968127296926596,0.031027762468675054,0.17901831842278376,0.016126000212127685,0.02839464954267242
2025-07-19_22-31-52_result_normal_V203_MaskVerticalStripes_run6,f_dataset-V203_stereo_imu,GT_V203.csv,0.033672066128272254,0.028834783470876545,0.1983087437936771,0.01738859682477008,0.025516282326815822
2025-07-19_22-31-52_result_normal_V203_MaskVerticalStripes_run7,f_dataset-V203_stereo_imu,GT_V203.csv,0.0565023158231758,0.047309884514285847,0.17486961008830518,0.03089152829865883,0.036551962103775426
2025-07-19_22-31-52_result_normal_V203_MaskVerticalStripes_run8,f_dataset-V203_stereo_imu,GT_V203.csv,0.03818173581125585,0.033332814635215736,0.1701351845796457,0.018621718987646793,0.030923288967123826
2025-07-19_22-31-52_result_normal_V203_MaskVerticalStripes_run9,f_dataset-V203_stereo_imu,GT_V203.csv,0.17691731344063577,0.16239757165414365,0.39960391721594213,0.07019091476743586,0.14183289809542038
2025-07-20_03-14-53_result_normal_MH01_MaskHorizontalStripes_run1,f_dataset-MH01_stereo_imu,GT_MH01.csv,0.03684779362409086,0.03440060926710038,0.08116637964458777,0.013204468070160126,0.03650736184911822
2025-07-20_03-14-53_result_normal_MH01_MaskHorizontalStripes_run10,f_dataset-MH01_stereo_imu,GT_MH01.csv,0.040609344518751096,0.03761043688291743,0.08015436736943511,0.015315805552392751,0.041602389001016093
2025-07-20_03-14-53_result_normal_MH01_MaskHorizontalStripes_run2,f_dataset-MH01_stereo_imu,GT_MH01.csv,0.041191207302208856,0.03813243199431678,0.08058566265883596,0.01557668736324736,0.04385358806794713
2025-07-20_03-14-53_result_normal_MH01_MaskHorizontalStripes_run3,f_dataset-MH01_stereo_imu,GT_MH01.csv,0.03895897042207468,0.0361484339393096,0.07974566216748935,0.014529008916077486,0.04128167630582799
2025-07-20_03-14-53_result_normal_MH01_MaskHorizontalStripes_run4,f_dataset-MH01_stereo_imu,GT_MH01.csv,0.0423356091444123,0.038962727097864365,0.08153337390474413,0.016559278327445078,0.04413858625822773
2025-07-20_03-14-53_result_normal_MH01_MaskHorizontalStripes_run5,f_dataset-MH01_stereo_imu,GT_MH01.csv,0.03916353526860214,0.036114804175064755,0.08393146555638184,0.015149370090263443,0.04043391639591218
2025-07-20_03-14-53_result_normal_MH01_MaskHorizontalStripes_run6,f_dataset-MH01_stereo_imu,GT_MH01.csv,0.04305504832806842,0.039298076240393,0.08198943146160852,0.01758972399830555,0.04545618199971328
2025-07-20_03-14-53_result_normal_MH01_MaskHorizontalStripes_run7,f_dataset-MH01_stereo_imu,GT_MH01.csv,0.04485030398953624,0.0413308723212486,0.08551445921312789,0.01741576185868585,0.04863401512674319
2025-07-20_03-14-53_result_normal_MH01_MaskHorizontalStripes_run8,f_dataset-MH01_stereo_imu,GT_MH01.csv,0.04352548861287796,0.040564293020756516,0.0838841080279353,0.015779933165763812,0.045498957564803835
2025-07-20_03-14-53_result_normal_MH01_MaskHorizontalStripes_run9,f_dataset-MH01_stereo_imu,GT_MH01.csv,0.043642691901115624,0.040299704972374645,0.08669294587404185,0.016751666648882,0.04502867929172946
2025-07-20_03-14-53_result_normal_MH02_MaskHorizontalStripes_run1,f_dataset-MH02_stereo_imu,GT_MH02.csv,0.031545488512353614,0.02616499101072112,0.09596593773672643,0.017621324890368398,0.01973991238874044
2025-07-20_03-14-53_result_normal_MH02_MaskHorizontalStripes_run10,f_dataset-MH02_stereo_imu,GT_MH02.csv,0.02429433600297839,0.021177884498468125,0.06628971470499447,0.011904283682572236,0.0173795516780077
2025-07-20_03-14-53_result_normal_MH02_MaskHorizontalStripes_run2,f_dataset-MH02_stereo_imu,GT_MH02.csv,0.03845241099063226,0.033903586670580944,0.10616244263983673,0.018142070495478276,0.029912695104894547
2025-07-20_03-14-53_result_normal_MH02_MaskHorizontalStripes_run3,f_dataset-MH02_stereo_imu,GT_MH02.csv,0.040562269650306106,0.03390387188087801,0.11791971782629677,0.022267132520132734,0.02497255084342717
2025-07-20_03-14-53_result_normal_MH02_MaskHorizontalStripes_run4,f_dataset-MH02_stereo_imu,GT_MH02.csv,0.022773320022940108,0.019595603367921096,0.061962526023964064,0.01160329408031893,0.01549570598140657
2025-07-20_03-14-53_result_normal_MH02_MaskHorizontalStripes_run5,f_dataset-MH02_stereo_imu,GT_MH02.csv,0.03926163995969841,0.031802235029408495,0.11946001368991997,0.023023775091397372,0.024515977430214886
2025-07-20_03-14-53_result_normal_MH02_MaskHorizontalStripes_run6,f_dataset-MH02_stereo_imu,GT_MH02.csv,0.03177805320110937,0.026264729398904972,0.09791429002874363,0.017888785728909454,0.019981204064329502
2025-07-20_03-14-53_result_normal_MH02_MaskHorizontalStripes_run7,f_dataset-MH02_stereo_imu,GT_MH02.csv,0.0361274867834646,0.02936669093350017,0.1050208397303229,0.02104264158573463,0.023962304486665493
2025-07-20_03-14-53_result_normal_MH02_MaskHorizontalStripes_run8,f_dataset-MH02_stereo_imu,GT_MH02.csv,0.037408361169983154,0.031412899304763486,0.10123035319922594,0.020312932892438098,0.023649802348787503
2025-07-20_03-14-53_result_normal_MH02_MaskHorizontalStripes_run9,f_dataset-MH02_stereo_imu,GT_MH02.csv,0.0419618349030214,0.034116510694626234,0.12778274964148684,0.02443070376497326,0.02497647049213124
2025-07-20_03-14-53_result_normal_MH03_MaskHorizontalStripes_run1,f_dataset-MH03_stereo_imu,GT_MH03.csv,0.028864824875598827,0.025729871233367622,0.10348776596614137,0.013082501343906296,0.025635190193277514
2025-07-20_03-14-53_result_normal_MH03_MaskHorizontalStripes_run10,f_dataset-MH03_stereo_imu,GT_MH03.csv,0.029049396920941585,0.025728104546064404,0.11166267716538014,0.013488220710575224,0.02559635773092337
2025-07-20_03-14-53_result_normal_MH03_MaskHorizontalStripes_run2,f_dataset-MH03_stereo_imu,GT_MH03.csv,0.028460428337605648,0.024882417347731715,0.11225143181713818,0.013815255628951877,0.024376779160265906
2025-07-20_03-14-53_result_normal_MH03_MaskHorizontalStripes_run3,f_dataset-MH03_stereo_imu,GT_MH03.csv,0.027826976095070337,0.024282619662299637,0.11727532602579883,0.013590253159220944,0.02366511950184426
2025-07-20_03-14-53_result_normal_MH03_MaskHorizontalStripes_run4,f_dataset-MH03_stereo_imu,GT_MH03.csv,0.027026520049520338,0.023500494970042952,0.09717677670292389,0.013347641070620328,0.021704621649446414
2025-07-20_03-14-53_result_normal_MH03_MaskHorizontalStripes_run5,f_dataset-MH03_stereo_imu,GT_MH03.csv,0.026536524345050442,0.023136353987463127,0.11063571800260358,0.012996008944374195,0.02185342379291499
2025-07-20_03-14-53_result_normal_MH03_MaskHorizontalStripes_run6,f_dataset-MH03_stereo_imu,GT_MH03.csv,0.029644283772815968,0.026242472912549702,0.09833195790315283,0.013788262248642325,0.025731369499291064
2025-07-20_03-14-53_result_normal_MH03_MaskHorizontalStripes_run7,f_dataset-MH03_stereo_imu,GT_MH03.csv,0.027204839367934046,0.023913936800385397,0.10509353093086377,0.012970231753606683,0.023823395993567018
2025-07-20_03-14-53_result_normal_MH03_MaskHorizontalStripes_run8,f_dataset-MH03_stereo_imu,GT_MH03.csv,0.025942776897684053,0.022512388209322838,0.10668376962971728,0.012892635505425238,0.020525511900818777
2025-07-20_03-14-53_result_normal_MH03_MaskHorizontalStripes_run9,f_dataset-MH03_stereo_imu,GT_MH03.csv,0.02839316014765149,0.02480209152922592,0.09756205488960962,0.013821280655065389,0.022111724700574632
2025-07-20_03-14-53_result_normal_MH04_MaskHorizontalStripes_run1,f_dataset-MH04_stereo_imu,GT_MH04.csv,0.049686856284597965,0.042144952373158205,0.1987585528845764,0.026317041568354876,0.036473406723915684
2025-07-20_03-14-53_result_normal_MH04_MaskHorizontalStripes_run10,f_dataset-MH04_stereo_imu,GT_MH04.csv,0.04660401372674748,0.03907188571601914,0.1836831817002159,0.025403185667101046,0.03160631091180481
2025-07-20_03-14-53_result_normal_MH04_MaskHorizontalStripes_run2,f_dataset-MH04_stereo_imu,GT_MH04.csv,0.0547049987635787,0.047203700432527744,0.20196254515051898,0.0276486447262669,0.039757219104681114
2025-07-20_03-14-53_result_normal_MH04_MaskHorizontalStripes_run3,f_dataset-MH04_stereo_imu,GT_MH04.csv,0.0513657535530582,0.043668495759590566,0.17547364101539442,0.02704631428065807,0.03676863353525465
2025-07-20_03-14-53_result_normal_MH04_MaskHorizontalStripes_run4,f_dataset-MH04_stereo_imu,GT_MH04.csv,0.046490410492983046,0.041572822955832915,0.17611874573105174,0.02081006149171691,0.035052956695064696
2025-07-20_03-14-53_result_normal_MH04_MaskHorizontalStripes_run5,f_dataset-MH04_stereo_imu,GT_MH04.csv,0.0489762645579711,0.04173016652289505,0.18951474122017234,0.02563723253441806,0.034816082354551775
2025-07-20_03-14-53_result_normal_MH04_MaskHorizontalStripes_run6,f_dataset-MH04_stereo_imu,GT_MH04.csv,0.04772309415953244,0.04204076773942449,0.1779161448600754,0.022584675424707018,0.03516867248327694
2025-07-20_03-14-53_result_normal_MH04_MaskHorizontalStripes_run7,f_dataset-MH04_stereo_imu,GT_MH04.csv,0.04834880413267416,0.04080554015131379,0.19269599067044602,0.025932889426733913,0.03408556298951156
2025-07-20_03-14-53_result_normal_MH04_MaskHorizontalStripes_run8,f_dataset-MH04_stereo_imu,GT_MH04.csv,0.04770283308034041,0.04079573571156607,0.19238692271848326,0.024723839338639773,0.0336609560312186
2025-07-20_03-14-53_result_normal_MH04_MaskHorizontalStripes_run9,f_dataset-MH04_stereo_imu,GT_MH04.csv,0.05203121474777054,0.04478561028448178,0.20047552983288844,0.026485777684922406,0.03734234412365817
2025-07-20_03-14-53_result_normal_MH05_MaskHorizontalStripes_run1,f_dataset-MH05_stereo_imu,GT_MH05.csv,0.04726255968333238,0.04216496133363534,0.1316872329457428,0.02135100895867903,0.03940729096713119
2025-07-20_03-14-53_result_normal_MH05_MaskHorizontalStripes_run10,f_dataset-MH05_stereo_imu,GT_MH05.csv,0.05214563690451902,0.045125445050057396,0.14037158650126996,0.026131621786873185,0.03961749791386283
2025-07-20_03-14-53_result_normal_MH05_MaskHorizontalStripes_run2,f_dataset-MH05_stereo_imu,GT_MH05.csv,0.05480174238147395,0.047069665565715506,0.15075521350659785,0.028065593732845468,0.03980588772786721
2025-07-20_03-14-53_result_normal_MH05_MaskHorizontalStripes_run3,f_dataset-MH05_stereo_imu,GT_MH05.csv,0.06089496446418618,0.053384202059950266,0.1523549641540245,0.029297161424221625,0.04524033301161822
2025-07-20_03-14-53_result_normal_MH05_MaskHorizontalStripes_run4,f_dataset-MH05_stereo_imu,GT_MH05.csv,0.0641456442944318,0.05580546088130537,0.1677499110802074,0.031629325281656975,0.04776022052760095
2025-07-20_03-14-53_result_normal_MH05_MaskHorizontalStripes_run5,f_dataset-MH05_stereo_imu,GT_MH05.csv,0.05074825853841734,0.04510714016726268,0.13766248452096727,0.023253637363065738,0.045710638888605354
2025-07-20_03-14-53_result_normal_MH05_MaskHorizontalStripes_run6,f_dataset-MH05_stereo_imu,GT_MH05.csv,0.05543637145332489,0.048510446210526144,0.13989503665300013,0.026831471975399788,0.04351303287105507
2025-07-20_03-14-53_result_normal_MH05_MaskHorizontalStripes_run7,f_dataset-MH05_stereo_imu,GT_MH05.csv,0.0666159261067734,0.05922579589116491,0.1687283400212034,0.03049568349981967,0.052681957045803876
2025-07-20_03-14-53_result_normal_MH05_MaskHorizontalStripes_run8,f_dataset-MH05_stereo_imu,GT_MH05.csv,0.05024901047432196,0.04546946800133283,0.128886431746944,0.021389028339882283,0.044309111408708746
2025-07-20_03-14-53_result_normal_MH05_MaskHorizontalStripes_run9,f_dataset-MH05_stereo_imu,GT_MH05.csv,0.06621606034305137,0.05848040656443513,0.16721269103910025,0.031058150225230598,0.05100919355004513
2025-07-20_03-14-53_result_normal_V101_MaskHorizontalStripes_run1,f_dataset-V101_stereo_imu,GT_V101.csv,0.038001617333058464,0.03523865965458365,0.09003412122386902,0.014225321988504444,0.03465952893565534
2025-07-20_03-14-53_result_normal_V101_MaskHorizontalStripes_run10,f_dataset-V101_stereo_imu,GT_V101.csv,0.038286368002618726,0.03549198186431033,0.08454577396416302,0.014358453892234136,0.035586832610083406
2025-07-20_03-14-53_result_normal_V101_MaskHorizontalStripes_run2,f_dataset-V101_stereo_imu,GT_V101.csv,0.03794965614374965,0.03494209649385506,0.08775390825989175,0.014806292380030783,0.03457780266710095
2025-07-20_03-14-53_result_normal_V101_MaskHorizontalStripes_run3,f_dataset-V101_stereo_imu,GT_V101.csv,0.04000147256143537,0.03706965824358416,0.0900194060306838,0.015031907556499266,0.03727705641639231
2025-07-20_03-14-53_result_normal_V101_MaskHorizontalStripes_run4,f_dataset-V101_stereo_imu,GT_V101.csv,0.03723081667760616,0.034622886265585726,0.08100502794759176,0.013689026887322287,0.035439935858867136
2025-07-20_03-14-53_result_normal_V101_MaskHorizontalStripes_run5,f_dataset-V101_stereo_imu,GT_V101.csv,0.037396993576728293,0.034551908492341,0.0837620577700299,0.014307366917597063,0.03506238310891328
2025-07-20_03-14-53_result_normal_V101_MaskHorizontalStripes_run6,f_dataset-V101_stereo_imu,GT_V101.csv,0.0379389854452772,0.03504779335286017,0.08776743711432687,0.014526486075860384,0.03466260924998694
2025-07-20_03-14-53_result_normal_V101_MaskHorizontalStripes_run7,f_dataset-V101_stereo_imu,GT_V101.csv,0.038183602256498896,0.03518311254854263,0.08758454176663348,0.014836983274206718,0.03411777847721979
2025-07-20_03-14-53_result_normal_V101_MaskHorizontalStripes_run8,f_dataset-V101_stereo_imu,GT_V101.csv,0.03789730439801763,0.03502866985375178,0.08161886093188812,0.014463677572210598,0.035123385723935086
2025-07-20_03-14-53_result_normal_V101_MaskHorizontalStripes_run9,f_dataset-V101_stereo_imu,GT_V101.csv,0.03849313678759495,0.03576668822439422,0.08438975811202551,0.014229040487941394,0.03624720700209881
2025-07-20_03-14-53_result_normal_V102_MaskHorizontalStripes_run1,f_dataset-V102_stereo_imu,GT_V102.csv,0.015109238692052374,0.013725782876799372,0.051949481095845254,0.006316009679566185,0.01318031331626771
2025-07-20_03-14-53_result_normal_V102_MaskHorizontalStripes_run10,f_dataset-V102_stereo_imu,GT_V102.csv,0.01750327767721557,0.015684463464029248,0.05689622831983739,0.0077693201305677004,0.014139432731042796
2025-07-20_03-14-53_result_normal_V102_MaskHorizontalStripes_run2,f_dataset-V102_stereo_imu,GT_V102.csv,0.01753801288034159,0.015829767267712017,0.06007261868473237,0.007549858544443117,0.014739562816703486
2025-07-20_03-14-53_result_normal_V102_MaskHorizontalStripes_run3,f_dataset-V102_stereo_imu,GT_V102.csv,0.014091560916757706,0.012559142858948614,0.037901265728520116,0.006390619666293189,0.011838080561617474
2025-07-20_03-14-53_result_normal_V102_MaskHorizontalStripes_run4,f_dataset-V102_stereo_imu,GT_V102.csv,0.01780054565706188,0.016111895365689216,0.0467839958494302,0.007567446954834045,0.015213272294959404
2025-07-20_03-14-53_result_normal_V102_MaskHorizontalStripes_run5,f_dataset-V102_stereo_imu,GT_V102.csv,0.018099993339975137,0.01620917468942253,0.04484693649982288,0.008054341363198374,0.01487652743419516
2025-07-20_03-14-53_result_normal_V102_MaskHorizontalStripes_run6,f_dataset-V102_stereo_imu,GT_V102.csv,0.019570467729951777,0.01796566897438302,0.05504158345036167,0.007761310808875984,0.017584102853234286
2025-07-20_03-14-53_result_normal_V102_MaskHorizontalStripes_run7,f_dataset-V102_stereo_imu,GT_V102.csv,0.016711077499285264,0.01495771501055908,0.05120374679878082,0.007451635582207028,0.01373780910982681
2025-07-20_03-14-53_result_normal_V102_MaskHorizontalStripes_run8,f_dataset-V102_stereo_imu,GT_V102.csv,0.018251890937943438,0.016485451447036593,0.06173220260505001,0.007833352628216144,0.015470319191930874
2025-07-20_03-14-53_result_normal_V102_MaskHorizontalStripes_run9,f_dataset-V102_stereo_imu,GT_V102.csv,0.017007704921458523,0.015509568115264173,0.061407683678569344,0.006979636349652133,0.014805533060167063
2025-07-20_03-14-53_result_normal_V103_MaskHorizontalStripes_run1,f_dataset-V103_stereo_imu,GT_V103.csv,0.023635913622739108,0.021168837268449786,0.09921805913053425,0.010513645489718386,0.019584470786445624
2025-07-20_03-14-53_result_normal_V103_MaskHorizontalStripes_run10,f_dataset-V103_stereo_imu,GT_V103.csv,0.023531864218066027,0.021122440323443386,0.07132398746066101,0.010372615309557617,0.019150605997414766
2025-07-20_03-14-53_result_normal_V103_MaskHorizontalStripes_run2,f_dataset-V103_stereo_imu,GT_V103.csv,0.02241148952829202,0.020587892501173086,0.1182870855007298,0.008855142304722377,0.019393807319141428
2025-07-20_03-14-53_result_normal_V103_MaskHorizontalStripes_run3,f_dataset-V103_stereo_imu,GT_V103.csv,0.025789702656221502,0.024165914944322433,0.08941314980076037,0.009006515308380479,0.023251798991233797
2025-07-20_03-14-53_result_normal_V103_MaskHorizontalStripes_run4,f_dataset-V103_stereo_imu,GT_V103.csv,0.024197309108801444,0.02172321053775487,0.08076685179612601,0.01065888793633094,0.02055158663165762
2025-07-20_03-14-53_result_normal_V103_MaskHorizontalStripes_run5,f_dataset-V103_stereo_imu,GT_V103.csv,0.0248322812588367,0.02218782063136847,0.09294453435605218,0.011150910642104184,0.01977469107190529
2025-07-20_03-14-53_result_normal_V103_MaskHorizontalStripes_run6,f_dataset-V103_stereo_imu,GT_V103.csv,0.02512127739448741,0.022568685094743426,0.0969238542157319,0.011033269280910817,0.020703959452589363
2025-07-20_03-14-53_result_normal_V103_MaskHorizontalStripes_run7,f_dataset-V103_stereo_imu,GT_V103.csv,0.02397233652963235,0.021736055161884964,0.08112502148100291,0.01011023366146597,0.01997565000115657
2025-07-20_03-14-53_result_normal_V103_MaskHorizontalStripes_run8,f_dataset-V103_stereo_imu,GT_V103.csv,0.02511544081213982,0.022743171585130895,0.1785428467714249,0.010655210623793102,0.020661329555787658
2025-07-20_03-14-53_result_normal_V103_MaskHorizontalStripes_run9,f_dataset-V103_stereo_imu,GT_V103.csv,0.021899993140638382,0.020028436343273545,0.13903076008867374,0.008858410534822137,0.018647507560541718
2025-07-20_03-14-53_result_normal_V201_MaskHorizontalStripes_run1,f_dataset-V201_stereo_imu,GT_V201.csv,0.03401375270939552,0.03122265351684583,0.07855050776618769,0.013493749691724165,0.030671508973647777
2025-07-20_03-14-53_result_normal_V201_MaskHorizontalStripes_run10,f_dataset-V201_stereo_imu,GT_V201.csv,0.014204393091592384,0.013142991523345872,0.042195978409741965,0.005387629990797068,0.012432913472788265
2025-07-20_03-14-53_result_normal_V201_MaskHorizontalStripes_run2,f_dataset-V201_stereo_imu,GT_V201.csv,0.033223350647488915,0.030417614051544143,0.08686537072580412,0.013362626375728161,0.030413576543328838
2025-07-20_03-14-53_result_normal_V201_MaskHorizontalStripes_run3,f_dataset-V201_stereo_imu,GT_V201.csv,0.03558161830920332,0.03230297525501575,0.07750515217461292,0.014918758365751251,0.030141423474807097
2025-07-20_03-14-53_result_normal_V201_MaskHorizontalStripes_run4,f_dataset-V201_stereo_imu,GT_V201.csv,0.03630695634649292,0.033304790740474904,0.07647167594288176,0.014456347840285225,0.030946471190508865
2025-07-20_03-14-53_result_normal_V201_MaskHorizontalStripes_run5,f_dataset-V201_stereo_imu,GT_V201.csv,0.04070166136776333,0.03652711207143804,0.09132634047767293,0.01795537027790524,0.03679911805252635
2025-07-20_03-14-53_result_normal_V201_MaskHorizontalStripes_run6,f_dataset-V201_stereo_imu,GT_V201.csv,0.040430840346717456,0.03680202150713112,0.0759597498044389,0.01674108909630477,0.034879749676381404
2025-07-20_03-14-53_result_normal_V201_MaskHorizontalStripes_run7,f_dataset-V201_stereo_imu,GT_V201.csv,0.03921605700616924,0.035161405203312464,0.08204542683729354,0.01736590657695665,0.03467202992942111
2025-07-20_03-14-53_result_normal_V201_MaskHorizontalStripes_run8,f_dataset-V201_stereo_imu,GT_V201.csv,0.037739487885629065,0.03390066777563712,0.0798958881496937,0.016583536119761117,0.03313852358045381
2025-07-20_03-14-53_result_normal_V201_MaskHorizontalStripes_run9,f_dataset-V201_stereo_imu,GT_V201.csv,0.037163520938941215,0.03426447604557342,0.08139561179835547,0.014390030225869831,0.03327483262323694
2025-07-20_03-14-53_result_normal_V202_MaskHorizontalStripes_run1,f_dataset-V202_stereo_imu,GT_V202.csv,0.014487609850757139,0.01332820608513093,0.04780737822437897,0.005678887368141238,0.013014688586018511
2025-07-20_03-14-53_result_normal_V202_MaskHorizontalStripes_run10,f_dataset-V202_stereo_imu,GT_V202.csv,0.015368478945900033,0.01327931360139187,0.08910423578220546,0.007736276584149605,0.012314226965991382
2025-07-20_03-14-53_result_normal_V202_MaskHorizontalStripes_run2,f_dataset-V202_stereo_imu,GT_V202.csv,0.013210304663050761,0.011856858280653153,0.04077924486803866,0.005824694069487889,0.01071092508081288
2025-07-20_03-14-53_result_normal_V202_MaskHorizontalStripes_run3,f_dataset-V202_stereo_imu,GT_V202.csv,0.03774507732397623,0.025880168373216786,0.15797636979679036,0.027475584564607438,0.01828797362534705
2025-07-20_03-14-53_result_normal_V202_MaskHorizontalStripes_run4,f_dataset-V202_stereo_imu,GT_V202.csv,0.0170998504299147,0.015462544644884006,0.04908465133577558,0.007301684588533174,0.014435005768041017
2025-07-20_03-14-53_result_normal_V202_MaskHorizontalStripes_run5,f_dataset-V202_stereo_imu,GT_V202.csv,0.015028609301935683,0.012874506839045303,0.10614111022941221,0.007752816984916095,0.01164788146428149
2025-07-20_03-14-53_result_normal_V202_MaskHorizontalStripes_run6,f_dataset-V202_stereo_imu,GT_V202.csv,0.014607175212617594,0.012810098198680541,0.05517121294607293,0.007019327021322726,0.011778518386511595
2025-07-20_03-14-53_result_normal_V202_MaskHorizontalStripes_run7,f_dataset-V202_stereo_imu,GT_V202.csv,0.014259446008215776,0.012843263685082925,0.041810882730169426,0.006195351352155168,0.011782216696741303
2025-07-20_03-14-53_result_normal_V202_MaskHorizontalStripes_run8,f_dataset-V202_stereo_imu,GT_V202.csv,0.01332758817826857,0.01162681596246693,0.04426679539788545,0.0065147338567625585,0.010308521581380656
2025-07-20_03-14-53_result_normal_V202_MaskHorizontalStripes_run9,f_dataset-V202_stereo_imu,GT_V202.csv,0.02831693908589035,0.024446530562820125,0.07083879750645551,0.014290422759146283,0.023252718240192934
2025-07-20_03-14-53_result_normal_V203_MaskHorizontalStripes_run1,f_dataset-V203_stereo_imu,GT_V203.csv,0.027599849679353267,0.0222764873747781,0.24521631034454983,0.01629447184060437,0.018039505160257527
2025-07-20_03-14-53_result_normal_V203_MaskHorizontalStripes_run10,f_dataset-V203_stereo_imu,GT_V203.csv,0.023542515851899697,0.019345459126985057,0.07939391896928369,0.01341652949920728,0.015367781121894873
2025-07-20_03-14-53_result_normal_V203_MaskHorizontalStripes_run2,f_dataset-V203_stereo_imu,GT_V203.csv,0.022703411344681543,0.018632904978040956,0.18702553226610813,0.01297149716744798,0.016839603737374958
2025-07-20_03-14-53_result_normal_V203_MaskHorizontalStripes_run3,f_dataset-V203_stereo_imu,GT_V203.csv,0.02307743078283253,0.018819739042360773,0.18784940103785763,0.013356093512470935,0.015195823371545868
2025-07-20_03-14-53_result_normal_V203_MaskHorizontalStripes_run4,f_dataset-V203_stereo_imu,GT_V203.csv,0.04973299554085537,0.04441439467418956,0.23117397390862812,0.022377050547202623,0.041473566551475265
2025-07-20_03-14-53_result_normal_V203_MaskHorizontalStripes_run5,f_dataset-V203_stereo_imu,GT_V203.csv,0.022091531073538548,0.01736980530222358,0.18178755813140676,0.013650113879963224,0.014126950589748558
2025-07-20_03-14-53_result_normal_V203_MaskHorizontalStripes_run6,f_dataset-V203_stereo_imu,GT_V203.csv,0.05933462881995585,0.03790462187833488,0.8173818513473231,0.04564907247099761,0.030567526571974514
2025-07-20_03-14-53_result_normal_V203_MaskHorizontalStripes_run7,f_dataset-V203_stereo_imu,GT_V203.csv,0.02695168575829807,0.022531398301649505,0.13894233874588258,0.014789504920262635,0.019771961438126363
2025-07-20_03-14-53_result_normal_V203_MaskHorizontalStripes_run8,f_dataset-V203_stereo_imu,GT_V203.csv,0.02969043883247147,0.024225706712075277,0.23124208380388572,0.017165001962284796,0.021248275979492946
2025-07-20_03-14-53_result_normal_V203_MaskHorizontalStripes_run9,f_dataset-V203_stereo_imu,GT_V203.csv,0.030604834009124265,0.02365258023976584,0.28855657096091475,0.01942192865622485,0.0200141950011978
2025-07-20_07-57-37_result_normal_MH01_MaskCheckerboard_run1,f_dataset-MH01_stereo_imu,GT_MH01.csv,0.03732813976861265,0.03444594849020919,0.07771951579072431,0.014382859632038988,0.038670182422158667
2025-07-20_07-57-37_result_normal_MH01_MaskCheckerboard_run10,f_dataset-MH01_stereo_imu,GT_MH01.csv,0.03933892160780909,0.03641836471386475,0.08019480433451126,0.014874591249284112,0.040584679236867
2025-07-20_07-57-37_result_normal_MH01_MaskCheckerboard_run2,f_dataset-MH01_stereo_imu,GT_MH01.csv,0.05034062661671585,0.047079758555712496,0.09492893181624053,0.017823440254322885,0.05416350099722622
2025-07-20_07-57-37_result_normal_MH01_MaskCheckerboard_run3,f_dataset-MH01_stereo_imu,GT_MH01.csv,0.036548905334440246,0.03418702442945035,0.0732981473810935,0.012925549961453852,0.038142410061314386
2025-07-20_07-57-37_result_normal_MH01_MaskCheckerboard_run4,f_dataset-MH01_stereo_imu,GT_MH01.csv,0.04257072284824419,0.03964317262766263,0.08376373366040514,0.015514035833249859,0.046101488656697054
2025-07-20_07-57-37_result_normal_MH01_MaskCheckerboard_run5,f_dataset-MH01_stereo_imu,GT_MH01.csv,0.04146540255166609,0.03842767119562676,0.08374534958377057,0.015578629440760015,0.04308634243583396
2025-07-20_07-57-37_result_normal_MH01_MaskCheckerboard_run6,f_dataset-MH01_stereo_imu,GT_MH01.csv,0.030984640867431315,0.028568032326791476,0.0703382244724904,0.011996478594116362,0.031328544260338445
2025-07-20_07-57-37_result_normal_MH01_MaskCheckerboard_run7,f_dataset-MH01_stereo_imu,GT_MH01.csv,0.03866636360230182,0.03610482761871474,0.07840959893959445,0.013839403775029636,0.041357578072277454
2025-07-20_07-57-37_result_normal_MH01_MaskCheckerboard_run8,f_dataset-MH01_stereo_imu,GT_MH01.csv,0.03926031440940805,0.03685255703808118,0.07826409693549904,0.01353740474686882,0.04073889920180783
2025-07-20_07-57-37_result_normal_MH01_MaskCheckerboard_run9,f_dataset-MH01_stereo_imu,GT_MH01.csv,0.03568227215422675,0.03279392972531695,0.07608796447423442,0.014063524425238451,0.037186732424271965
2025-07-20_07-57-37_result_normal_MH02_MaskCheckerboard_run1,f_dataset-MH02_stereo_imu,GT_MH02.csv,0.02276878858669826,0.01965948557727979,0.06570320626822854,0.01148574597239939,0.01763698782379293
2025-07-20_07-57-37_result_normal_MH02_MaskCheckerboard_run10,f_dataset-MH02_stereo_imu,GT_MH02.csv,0.030715580652070987,0.02574408234962694,0.0900017135996699,0.016753779238413768,0.01944761227996408
2025-07-20_07-57-37_result_normal_MH02_MaskCheckerboard_run2,f_dataset-MH02_stereo_imu,GT_MH02.csv,0.024577003536567346,0.022844250201142575,0.05903143459977585,0.009064730309504032,0.020721514051189844
2025-07-20_07-57-37_result_normal_MH02_MaskCheckerboard_run3,f_dataset-MH02_stereo_imu,GT_MH02.csv,0.021608592458088917,0.019149389094796656,0.05210989452434878,0.010011601536011118,0.016280096634164215
2025-07-20_07-57-37_result_normal_MH02_MaskCheckerboard_run4,f_dataset-MH02_stereo_imu,GT_MH02.csv,0.03818418384868008,0.031939225108008076,0.11495067777998161,0.020926485507360933,0.023604851505872288
2025-07-20_07-57-37_result_normal_MH02_MaskCheckerboard_run5,f_dataset-MH02_stereo_imu,GT_MH02.csv,0.02616518807246224,0.022582696172143472,0.0680393538795222,0.013215101227912598,0.017523984364896557
2025-07-20_07-57-37_result_normal_MH02_MaskCheckerboard_run6,f_dataset-MH02_stereo_imu,GT_MH02.csv,0.03073985329332082,0.02639834994530519,0.08189278923123226,0.015750101607929154,0.020442500401270877
2025-07-20_07-57-37_result_normal_MH02_MaskCheckerboard_run7,f_dataset-MH02_stereo_imu,GT_MH02.csv,0.03303001353159578,0.029535952356195685,0.08359235148026023,0.014785442580793416,0.0254025701595503
2025-07-20_07-57-37_result_normal_MH02_MaskCheckerboard_run8,f_dataset-MH02_stereo_imu,GT_MH02.csv,0.03752277969576902,0.03125411733758967,0.10446291246276489,0.020763890424132764,0.024173957321326652
2025-07-20_07-57-37_result_normal_MH02_MaskCheckerboard_run9,f_dataset-MH02_stereo_imu,GT_MH02.csv,0.03180873566970886,0.02602880141352594,0.09899191681972894,0.018283795062312383,0.02013433509892418
2025-07-20_07-57-37_result_normal_MH03_MaskCheckerboard_run1,f_dataset-MH03_stereo_imu,GT_MH03.csv,0.025948017634156845,0.022597754488335862,0.10290988263127297,0.012753082420631138,0.020215448844316513
2025-07-20_07-57-37_result_normal_MH03_MaskCheckerboard_run10,f_dataset-MH03_stereo_imu,GT_MH03.csv,0.03064575585438876,0.026876996270671274,0.11055852865633857,0.014723770690727481,0.027827540439752593
2025-07-20_07-57-37_result_normal_MH03_MaskCheckerboard_run2,f_dataset-MH03_stereo_imu,GT_MH03.csv,0.027139037108735095,0.023688567812605626,0.10910508774197879,0.01324307706603285,0.022085399087191947
2025-07-20_07-57-37_result_normal_MH03_MaskCheckerboard_run3,f_dataset-MH03_stereo_imu,GT_MH03.csv,0.02682950430127155,0.023315875114336016,0.09566616965701541,0.013273743582902115,0.021469031673845455
2025-07-20_07-57-37_result_normal_MH03_MaskCheckerboard_run4,f_dataset-MH03_stereo_imu,GT_MH03.csv,0.029393694758722493,0.026110898660166845,0.11546475095981384,0.013498528168931882,0.025637216106970825
2025-07-20_07-57-37_result_normal_MH03_MaskCheckerboard_run5,f_dataset-MH03_stereo_imu,GT_MH03.csv,0.02889492342104117,0.024987706671613093,0.09590174352031357,0.014509690375788725,0.022424876456635014
2025-07-20_07-57-37_result_normal_MH03_MaskCheckerboard_run6,f_dataset-MH03_stereo_imu,GT_MH03.csv,0.02804717783513048,0.0244422521616957,0.1098150036133761,0.013755744028569179,0.023659196453417877
2025-07-20_07-57-37_result_normal_MH03_MaskCheckerboard_run7,f_dataset-MH03_stereo_imu,GT_MH03.csv,0.026620247579443302,0.023028176758827082,0.09732733239590662,0.013354424598427044,0.020386852598285134
2025-07-20_07-57-37_result_normal_MH03_MaskCheckerboard_run8,f_dataset-MH03_stereo_imu,GT_MH03.csv,0.028159383792173913,0.02433445398141942,0.09611304479358211,0.014169871029092933,0.020831719441177787
2025-07-20_07-57-37_result_normal_MH03_MaskCheckerboard_run9,f_dataset-MH03_stereo_imu,GT_MH03.csv,0.027311316423510777,0.024054059102503564,0.10638164578085683,0.012934846171423724,0.02377797408428135
2025-07-20_07-57-37_result_normal_MH04_MaskCheckerboard_run1,f_dataset-MH04_stereo_imu,GT_MH04.csv,0.048102984589051635,0.04123209398938404,0.1869598995155753,0.024775220516175842,0.03482947191609188
2025-07-20_07-57-37_result_normal_MH04_MaskCheckerboard_run10,f_dataset-MH04_stereo_imu,GT_MH04.csv,0.05015019769435932,0.04188728171137934,0.19291474682652304,0.02757712747214379,0.03204256001355423
2025-07-20_07-57-37_result_normal_MH04_MaskCheckerboard_run2,f_dataset-MH04_stereo_imu,GT_MH04.csv,0.04696405799370873,0.04049827090023099,0.18592416807471038,0.023780512974449053,0.034309762031450856
2025-07-20_07-57-37_result_normal_MH04_MaskCheckerboard_run3,f_dataset-MH04_stereo_imu,GT_MH04.csv,0.04821033832393969,0.04154374606860351,0.17944727611836617,0.024461273145446015,0.034464842592091476
2025-07-20_07-57-37_result_normal_MH04_MaskCheckerboard_run4,f_dataset-MH04_stereo_imu,GT_MH04.csv,0.0444896776123339,0.039217026179840034,0.17995920540989854,0.021008480946016664,0.03494435190169722
2025-07-20_07-57-37_result_normal_MH04_MaskCheckerboard_run5,f_dataset-MH04_stereo_imu,GT_MH04.csv,0.05210226088159681,0.04384546096627026,0.1938588424929829,0.028146423247532606,0.0350243745366841
2025-07-20_07-57-37_result_normal_MH04_MaskCheckerboard_run6,f_dataset-MH04_stereo_imu,GT_MH04.csv,0.050781738929338065,0.044130254823912786,0.18836202089491957,0.025125795865284975,0.03638157869853986
2025-07-20_07-57-37_result_normal_MH04_MaskCheckerboard_run7,f_dataset-MH04_stereo_imu,GT_MH04.csv,0.04866833418412947,0.042844447484573736,0.18976059587534827,0.023085928008198156,0.037627019763533234
2025-07-20_07-57-37_result_normal_MH04_MaskCheckerboard_run8,f_dataset-MH04_stereo_imu,GT_MH04.csv,0.0469214250326587,0.04012992249792909,0.18622520309284205,0.024314798938210768,0.03222252253885339
2025-07-20_07-57-37_result_normal_MH04_MaskCheckerboard_run9,f_dataset-MH04_stereo_imu,GT_MH04.csv,0.046048588559328925,0.041184966359567046,0.177886519837533,0.02059784100986532,0.03653542262515224
2025-07-20_07-57-37_result_normal_MH05_MaskCheckerboard_run1,f_dataset-MH05_stereo_imu,GT_MH05.csv,0.05819236982044836,0.05110473169015345,0.14778625871906048,0.027832684099763978,0.045932917771219405
2025-07-20_07-57-37_result_normal_MH05_MaskCheckerboard_run10,f_dataset-MH05_stereo_imu,GT_MH05.csv,0.054737431221805126,0.04904684042818291,0.13508012082075418,0.02430213613603152,0.043444504438804474
2025-07-20_07-57-37_result_normal_MH05_MaskCheckerboard_run2,f_dataset-MH05_stereo_imu,GT_MH05.csv,0.04991778165985141,0.04534247670084093,0.14182970394352448,0.0208768947038178,0.043569923847585776
2025-07-20_07-57-37_result_normal_MH05_MaskCheckerboard_run3,f_dataset-MH05_stereo_imu,GT_MH05.csv,0.0619521391150786,0.05525904244647881,0.16837293310040333,0.028009030130161698,0.05161803462713428
2025-07-20_07-57-37_result_normal_MH05_MaskCheckerboard_run4,f_dataset-MH05_stereo_imu,GT_MH05.csv,0.05688188632148589,0.0484508374144262,0.1614414374865537,0.029800425254202047,0.039624426045576325
2025-07-20_07-57-37_result_normal_MH05_MaskCheckerboard_run5,f_dataset-MH05_stereo_imu,GT_MH05.csv,0.046497329418039725,0.04101796529189507,0.131139634360364,0.02189813157149701,0.037939125213443586
2025-07-20_07-57-37_result_normal_MH05_MaskCheckerboard_run6,f_dataset-MH05_stereo_imu,GT_MH05.csv,0.058392591678099175,0.04933158797956536,0.16851135604512213,0.031242426126977037,0.03964929059891867
2025-07-20_07-57-37_result_normal_MH05_MaskCheckerboard_run7,f_dataset-MH05_stereo_imu,GT_MH05.csv,0.059094485081940026,0.051264760118005355,0.17369924627426359,0.029395280865183115,0.04486973999374791
2025-07-20_07-57-37_result_normal_MH05_MaskCheckerboard_run8,f_dataset-MH05_stereo_imu,GT_MH05.csv,0.05368569831811745,0.0468217595421873,0.1478449371583703,0.02626551041342071,0.0439884524751514
2025-07-20_07-57-37_result_normal_MH05_MaskCheckerboard_run9,f_dataset-MH05_stereo_imu,GT_MH05.csv,0.06304632987442113,0.053812306236869036,0.16612077189790983,0.0328492832205476,0.04226396500206402
2025-07-20_07-57-37_result_normal_V101_MaskCheckerboard_run1,f_dataset-V101_stereo_imu,GT_V101.csv,0.03965062008606501,0.03662858594198384,0.09298278894217858,0.015182831261005461,0.03567362163515904
2025-07-20_07-57-37_result_normal_V101_MaskCheckerboard_run10,f_dataset-V101_stereo_imu,GT_V101.csv,0.03716169740095783,0.034270685781019584,0.08298582019824698,0.014370520165219424,0.03325611901419526
2025-07-20_07-57-37_result_normal_V101_MaskCheckerboard_run2,f_dataset-V101_stereo_imu,GT_V101.csv,0.03823492669211579,0.03516396551937683,0.08737097913374854,0.015013498862808288,0.034563968772177406
2025-07-20_07-57-37_result_normal_V101_MaskCheckerboard_run3,f_dataset-V101_stereo_imu,GT_V101.csv,0.040347029699543124,0.03735162925515164,0.09560368144879124,0.015255772597987776,0.03681942776316422
2025-07-20_07-57-37_result_normal_V101_MaskCheckerboard_run4,f_dataset-V101_stereo_imu,GT_V101.csv,0.03775248692341033,0.03489023926885606,0.0877076417422952,0.014419482399318045,0.0352359757575552
2025-07-20_07-57-37_result_normal_V101_MaskCheckerboard_run5,f_dataset-V101_stereo_imu,GT_V101.csv,0.036845238082331186,0.03404124791911872,0.0825871751495782,0.014098404500253334,0.03430446409797468
2025-07-20_07-57-37_result_normal_V101_MaskCheckerboard_run6,f_dataset-V101_stereo_imu,GT_V101.csv,0.03707696531286149,0.03438748384645186,0.08062396242772871,0.013863704826674084,0.03456013871986688
2025-07-20_07-57-37_result_normal_V101_MaskCheckerboard_run7,f_dataset-V101_stereo_imu,GT_V101.csv,0.03666105799539452,0.03402790149624928,0.08094962857560611,0.013643133551469646,0.034522124167804785
2025-07-20_07-57-37_result_normal_V101_MaskCheckerboard_run8,f_dataset-V101_stereo_imu,GT_V101.csv,0.03756477800038488,0.03473757924499228,0.0823909847202684,0.014297312139562505,0.03432547936768645
2025-07-20_07-57-37_result_normal_V101_MaskCheckerboard_run9,f_dataset-V101_stereo_imu,GT_V101.csv,0.037934917915829744,0.03488331235432372,0.08238864045781503,0.014906794305665678,0.034770821899864565
2025-07-20_07-57-37_result_normal_V102_MaskCheckerboard_run1,f_dataset-V102_stereo_imu,GT_V102.csv,0.018471285824534382,0.016855706076266748,0.05710501703304459,0.007554705333906088,0.01609050641688577
2025-07-20_07-57-37_result_normal_V102_MaskCheckerboard_run10,f_dataset-V102_stereo_imu,GT_V102.csv,0.018481237628240027,0.016858479635032203,0.06974786851622575,0.007572833595602084,0.015438712176425158
2025-07-20_07-57-37_result_normal_V102_MaskCheckerboard_run2,f_dataset-V102_stereo_imu,GT_V102.csv,0.01797947071558741,0.016543827982548484,0.04434090620894739,0.007040108159432702,0.015896435461803415
2025-07-20_07-57-37_result_normal_V102_MaskCheckerboard_run3,f_dataset-V102_stereo_imu,GT_V102.csv,0.018007974760645435,0.016345426609533902,0.04634593898198926,0.007557392667605938,0.015299222643259043
2025-07-20_07-57-37_result_normal_V102_MaskCheckerboard_run4,f_dataset-V102_stereo_imu,GT_V102.csv,0.017265507296887386,0.015733912746879943,0.034654721288252636,0.007109270841122915,0.015077883227704533
2025-07-20_07-57-37_result_normal_V102_MaskCheckerboard_run5,f_dataset-V102_stereo_imu,GT_V102.csv,0.017840302027811002,0.01622467906158977,0.03936677679127659,0.007418636383590172,0.014786345820127757
2025-07-20_07-57-37_result_normal_V102_MaskCheckerboard_run6,f_dataset-V102_stereo_imu,GT_V102.csv,0.016369691537352318,0.015032973568388482,0.08225661752270239,0.006478927898981234,0.013804598122266195
2025-07-20_07-57-37_result_normal_V102_MaskCheckerboard_run7,f_dataset-V102_stereo_imu,GT_V102.csv,0.01671327965460721,0.015230727025558,0.0417073355580379,0.006881763661013397,0.014354204707605006
2025-07-20_07-57-37_result_normal_V102_MaskCheckerboard_run8,f_dataset-V102_stereo_imu,GT_V102.csv,0.019374196927296725,0.017716744971200467,0.05668368470143322,0.007840692201784035,0.017004702182308873
2025-07-20_07-57-37_result_normal_V102_MaskCheckerboard_run9,f_dataset-V102_stereo_imu,GT_V102.csv,0.017021694550834326,0.01525929174659394,0.04793262773912546,0.007542685249580089,0.013802618609524137
2025-07-20_07-57-37_result_normal_V103_MaskCheckerboard_run1,f_dataset-V103_stereo_imu,GT_V103.csv,0.021574916327988494,0.020022578655567023,0.09463330854096563,0.008035755007548225,0.018859058345787723
2025-07-20_07-57-37_result_normal_V103_MaskCheckerboard_run10,f_dataset-V103_stereo_imu,GT_V103.csv,0.026490192957789843,0.02320208837890244,0.11418013823653957,0.012782543479235237,0.020785593864639296
2025-07-20_07-57-37_result_normal_V103_MaskCheckerboard_run2,f_dataset-V103_stereo_imu,GT_V103.csv,0.025456227346814027,0.022519520502231345,0.0875242351896728,0.011869739132864899,0.020657808118494585
2025-07-20_07-57-37_result_normal_V103_MaskCheckerboard_run3,f_dataset-V103_stereo_imu,GT_V103.csv,0.026276019317097637,0.024014575846345986,0.08748681061247612,0.010664395813761982,0.02238585481983843
2025-07-20_07-57-37_result_normal_V103_MaskCheckerboard_run4,f_dataset-V103_stereo_imu,GT_V103.csv,0.027392485190736386,0.024779128864494907,0.1348155816402163,0.01167660128810895,0.02314898619904325
2025-07-20_07-57-37_result_normal_V103_MaskCheckerboard_run5,f_dataset-V103_stereo_imu,GT_V103.csv,0.023887385861779124,0.02178989501752996,0.06944108035845939,0.009788139682010484,0.020718466458390747
2025-07-20_07-57-37_result_normal_V103_MaskCheckerboard_run6,f_dataset-V103_stereo_imu,GT_V103.csv,0.024363590646956913,0.021749221100626798,0.07317366954670432,0.010979796479376863,0.02034098890560483
2025-07-20_07-57-37_result_normal_V103_MaskCheckerboard_run7,f_dataset-V103_stereo_imu,GT_V103.csv,0.022145623731784473,0.020112582134439033,0.06562051444006772,0.009268909879549984,0.01813391896458519
2025-07-20_07-57-37_result_normal_V103_MaskCheckerboard_run8,f_dataset-V103_stereo_imu,GT_V103.csv,0.022984026655179474,0.021042813449550283,0.09124251644009854,0.009244754372801171,0.020253077570147167
2025-07-20_07-57-37_result_normal_V103_MaskCheckerboard_run9,f_dataset-V103_stereo_imu,GT_V103.csv,0.025414000442094194,0.022839231769776727,0.0649172873355785,0.011146340683703558,0.02117045156147567
2025-07-20_07-57-37_result_normal_V201_MaskCheckerboard_run1,f_dataset-V201_stereo_imu,GT_V201.csv,0.03545897603692052,0.03280100490720299,0.07447413105695799,0.013469708930208891,0.030426835019815798
2025-07-20_07-57-37_result_normal_V201_MaskCheckerboard_run10,f_dataset-V201_stereo_imu,GT_V201.csv,0.03866425983185788,0.035045290387549,0.08200745727372519,0.016332562872916918,0.03310801699608815
2025-07-20_07-57-37_result_normal_V201_MaskCheckerboard_run2,f_dataset-V201_stereo_imu,GT_V201.csv,0.039496953708398876,0.036405272482051824,0.08184051672033534,0.015318795244762677,0.03359850874257519
2025-07-20_07-57-37_result_normal_V201_MaskCheckerboard_run3,f_dataset-V201_stereo_imu,GT_V201.csv,0.0338250106445068,0.030505443099323532,0.07863272746795967,0.014613325645277732,0.027944057042090544
2025-07-20_07-57-37_result_normal_V201_MaskCheckerboard_run4,f_dataset-V201_stereo_imu,GT_V201.csv,0.033802153100269156,0.03066464502886964,0.07434500714420963,0.014221993512424895,0.030438863885588845
2025-07-20_07-57-37_result_normal_V201_MaskCheckerboard_run5,f_dataset-V201_stereo_imu,GT_V201.csv,0.03618861191377825,0.033128682429446304,0.07426370104530239,0.01456386050245433,0.028557782739308032
2025-07-20_07-57-37_result_normal_V201_MaskCheckerboard_run6,f_dataset-V201_stereo_imu,GT_V201.csv,0.04078752420522876,0.03676199434588556,0.08602472275715549,0.01766855688802003,0.03468583920644787
2025-07-20_07-57-37_result_normal_V201_MaskCheckerboard_run7,f_dataset-V201_stereo_imu,GT_V201.csv,0.017975326567266692,0.016246927456203066,0.05013126405454231,0.007690885087735912,0.01573696679372666
2025-07-20_07-57-37_result_normal_V201_MaskCheckerboard_run8,f_dataset-V201_stereo_imu,GT_V201.csv,0.03900790105916594,0.03539387462975293,0.07984702449667407,0.016397865218832953,0.03228576227439095
2025-07-20_07-57-37_result_normal_V201_MaskCheckerboard_run9,f_dataset-V201_stereo_imu,GT_V201.csv,0.036801688377437955,0.03330419081965731,0.07438793957806214,0.015658708161208734,0.03157209857205507
2025-07-20_07-57-37_result_normal_V202_MaskCheckerboard_run1,f_dataset-V202_stereo_imu,GT_V202.csv,0.014790842965401325,0.013335528702730968,0.04354844347143643,0.006397867601459127,0.011774769155851243
2025-07-20_07-57-37_result_normal_V202_MaskCheckerboard_run10,f_dataset-V202_stereo_imu,GT_V202.csv,0.011643020528933764,0.010192393095956204,0.045082717789422556,0.005628059169436421,0.009355206680485968
2025-07-20_07-57-37_result_normal_V202_MaskCheckerboard_run2,f_dataset-V202_stereo_imu,GT_V202.csv,0.01444230605550358,0.013388308317301534,0.03451303437201002,0.005416032182484694,0.013129180430954044
2025-07-20_07-57-37_result_normal_V202_MaskCheckerboard_run3,f_dataset-V202_stereo_imu,GT_V202.csv,0.012236986364251582,0.011099930046397363,0.04725806374264823,0.00515125113384741,0.01077850475323382
2025-07-20_07-57-37_result_normal_V202_MaskCheckerboard_run4,f_dataset-V202_stereo_imu,GT_V202.csv,0.012960438679258765,0.011828750572437097,0.033145608407591745,0.005296567818304205,0.011487051475363632
2025-07-20_07-57-37_result_normal_V202_MaskCheckerboard_run5,f_dataset-V202_stereo_imu,GT_V202.csv,0.012233894047333984,0.010934441601066632,0.04307669920673358,0.0054869071829453525,0.010572751365514693
2025-07-20_07-57-37_result_normal_V202_MaskCheckerboard_run6,f_dataset-V202_stereo_imu,GT_V202.csv,0.012401307178923847,0.011202387322278436,0.03469458726766802,0.005319674616711396,0.010065337140310649
2025-07-20_07-57-37_result_normal_V202_MaskCheckerboard_run7,f_dataset-V202_stereo_imu,GT_V202.csv,0.013598606177712356,0.011746647539334451,0.04662817139211678,0.006851157680506595,0.010253249516956229
2025-07-20_07-57-37_result_normal_V202_MaskCheckerboard_run8,f_dataset-V202_stereo_imu,GT_V202.csv,0.019040488111785416,0.017191907157510834,0.03990577761146447,0.00818404031164128,0.016561134551027756
2025-07-20_07-57-37_result_normal_V202_MaskCheckerboard_run9,f_dataset-V202_stereo_imu,GT_V202.csv,0.013559205114252888,0.011959978201680774,0.04701806920032635,0.0063883460101737104,0.011356646205122884
2025-07-20_07-57-37_result_normal_V203_MaskCheckerboard_run1,f_dataset-V203_stereo_imu,GT_V203.csv,0.02111739630399065,0.01702178551607111,0.15578641776835123,0.012498129640256964,0.01335539593960572
2025-07-20_07-57-37_result_normal_V203_MaskCheckerboard_run10,f_dataset-V203_stereo_imu,GT_V203.csv,0.01796336989537595,0.015174639514705227,0.10824499647143986,0.009613166678927693,0.013667538651448968
2025-07-20_07-57-37_result_normal_V203_MaskCheckerboard_run2,f_dataset-V203_stereo_imu,GT_V203.csv,0.030270332403972748,0.026200463128161662,0.1874672996862752,0.015160104080013564,0.02389559744385156
2025-07-20_07-57-37_result_normal_V203_MaskCheckerboard_run3,f_dataset-V203_stereo_imu,GT_V203.csv,0.03987215931702875,0.030126846869719223,0.22896933925563276,0.026118234746839452,0.022819578063136302
2025-07-20_07-57-37_result_normal_V203_MaskCheckerboard_run4,f_dataset-V203_stereo_imu,GT_V203.csv,0.022988479882529885,0.01711597100833676,0.21802847102596523,0.015346457042303176,0.013702446921544285
2025-07-20_07-57-37_result_normal_V203_MaskCheckerboard_run5,f_dataset-V203_stereo_imu,GT_V203.csv,0.0491398517961394,0.02803751621647506,0.7210976386168766,0.0403561980240637,0.02383924934520025
2025-07-20_07-57-37_result_normal_V203_MaskCheckerboard_run6,f_dataset-V203_stereo_imu,GT_V203.csv,0.03724699927121517,0.03127141295699203,0.1262850495160086,0.02023456662207458,0.025080131670950426
2025-07-20_07-57-37_result_normal_V203_MaskCheckerboard_run7,f_dataset-V203_stereo_imu,GT_V203.csv,0.02587131850808693,0.021405483182201163,0.1231712522091973,0.01453032728755222,0.017725067566146984
2025-07-20_07-57-37_result_normal_V203_MaskCheckerboard_run8,f_dataset-V203_stereo_imu,GT_V203.csv,0.022301932948502756,0.01771764862821074,0.1861861985909313,0.013544782771487136,0.015061698951067074
2025-07-20_07-57-37_result_normal_V203_MaskCheckerboard_run9,f_dataset-V203_stereo_imu,GT_V203.csv,0.02348279284966889,0.017199709065298798,0.23959877746857286,0.015987856894829233,0.014111841155834125
