run_id,dataset,rmse,mean,max,std,median,scale_factor
2026-01-26_21-29-20MH01run1,f_dataset-MH01_stereo_inertial,GT_MH01,0.17263842308265648,0.13764746668295427,1.6042168204699556,0.1041978888472856,0.11566864083923875,0.977552205984778
2026-01-26_21-29-20MH01run10,f_dataset-MH01_stereo_inertial,GT_MH01,0.18251751637387756,0.12112848339326002,2.619701339748197,0.13653034202746803,0.09281291698527237,1.0108280031771302
2026-01-26_21-29-20MH01run2,f_dataset-MH01_stereo_inertial,GT_MH01,5.764662953905629,4.97255449185282,12.993703151841634,2.9163403089636684,4.051407370885039,0.30641225533904354
2026-01-26_21-29-20MH01run3,f_dataset-MH01_stereo_inertial,GT_MH01,0.26474983549547193,0.18460872459995298,2.9329747135704656,0.18976852793985136,0.1405280201538114,1.0076155188341656
2026-01-26_21-29-20MH01run4,f_dataset-MH01_stereo_inertial,GT_MH01,0.17501448689410407,0.10429845769119483,2.5809107786814334,0.14054146130606643,0.07601720226886086,1.0081422714798103
2026-01-26_21-29-20MH01run5,f_dataset-MH01_stereo_inertial,GT_MH01,0.2757024899964114,0.17484647119356056,3.4958064640742084,0.2131679490481173,0.16400707894557787,1.0128925543850145
2026-01-26_21-29-20MH01run6,f_dataset-MH01_stereo_inertial,GT_MH01,0.1395164605505505,0.0884614030886366,1.8151431401762035,0.10788615725913621,0.06381416032459641,1.0048466818542674
2026-01-26_21-29-20MH01run7,f_dataset-MH01_stereo_inertial,GT_MH01,0.17950380150935935,0.11355019660880256,2.2432322312368953,0.1390250610732243,0.0863176199080635,1.0105029089138655
2026-01-26_21-29-20MH01run8,f_dataset-MH01_stereo_inertial,GT_MH01,0.3807298780005407,0.17674569175956042,6.477455358904408,0.3372183275664907,0.12360160168639735,1.001670692200736
2026-01-26_21-29-20MH01run9,f_dataset-MH01_stereo_inertial,GT_MH01,0.14776148883116516,0.09051654830131974,1.936698233380693,0.11679131844969212,0.06269412832436452,1.0032718058795775
2026-01-26_21-29-20MH02run1,f_dataset-MH02_stereo_inertial,GT_MH02,0.6558902794648347,0.49947348984796036,1.948023096277109,0.4251097406971034,0.3293846283094418,0.962188751611397
2026-01-26_21-29-20MH02run10,f_dataset-MH02_stereo_inertial,GT_MH02,1.455926901958519,1.155318691634294,5.173050969209733,0.8859807360247486,0.8650088119998822,0.8250633039746956
2026-01-26_21-29-20MH02run2,f_dataset-MH02_stereo_inertial,GT_MH02,3.8920789872073445,3.1517725892930213,21.50585162908999,2.28355170470084,2.4445058024000623,0.44630018743451244
2026-01-26_21-29-20MH02run3,f_dataset-MH02_stereo_inertial,GT_MH02,1.9466924015853515,1.550384548660164,6.92958859513498,1.177250635024659,1.1830852596277697,0.7398393551722777
2026-01-26_21-29-20MH02run4,f_dataset-MH02_stereo_inertial,GT_MH02,0.5594012365092318,0.45466955914469254,1.98008626450845,0.3258916006822336,0.38752895244314356,0.9710500051305586
2026-01-26_21-29-20MH02run5,f_dataset-MH02_stereo_inertial,GT_MH02,1.9691542978441305,1.5326864477249835,6.954546937670685,1.2363012989066144,1.1880076556899453,0.7419275108563675
2026-01-26_21-29-20MH02run6,f_dataset-MH02_stereo_inertial,GT_MH02,0.25060989987054977,0.22359078045781405,0.7820626297303775,0.1131922471169849,0.21101023156950166,1.0095406914267622
2026-01-26_21-29-20MH02run7,f_dataset-MH02_stereo_inertial,GT_MH02,1.4065908248582577,1.058438192206429,4.465243148955655,0.9263942691177554,0.731093317722341,0.8593743826955992
2026-01-26_21-29-20MH02run8,f_dataset-MH02_stereo_inertial,GT_MH02,1.0728919802216874,0.8723576816596788,3.60716385246337,0.624571274133997,0.7029943625562968,0.906252594916876
2026-01-26_21-29-20MH02run9,f_dataset-MH02_stereo_inertial,GT_MH02,1.6207631115436882,1.1948538824514776,4.970938691064775,1.095078656230414,0.6460941320861654,0.8293545112497586
2026-01-26_21-29-20MH03run1,f_dataset-MH03_stereo_inertial,GT_MH03,2.4297646877119896,2.013991102314756,5.105469862213673,1.359263137677593,1.2823448544912721,0.6835061081365472
2026-01-26_21-29-20MH03run10,f_dataset-MH03_stereo_inertial,GT_MH03,0.4068653313055284,0.24149153309997703,3.351378551637529,0.3274465410710276,0.16847807362556555,1.0131850067249153
2026-01-26_21-29-20MH03run2,f_dataset-MH03_stereo_inertial,GT_MH03,0.34382794926539256,0.2858799555526664,1.7337004825544895,0.19102436941199646,0.23195073368054275,1.0019377388949822
2026-01-26_21-29-20MH03run3,f_dataset-MH03_stereo_inertial,GT_MH03,1.5328995807353591,1.2347449719696646,5.178678325645977,0.9083974784279579,0.7923937758731308,0.8440396044027463
2026-01-26_21-29-20MH03run4,f_dataset-MH03_stereo_inertial,GT_MH03,0.37494888103502605,0.25819748834208606,3.5811710889598194,0.2718836523280805,0.22597601606419798,1.0078046289374747
2026-01-26_21-29-20MH03run5,f_dataset-MH03_stereo_inertial,GT_MH03,0.5494139370047055,0.4623904464995094,2.755200677012396,0.29673346484849833,0.4161689869676097,0.9699944171058819
2026-01-26_21-29-20MH03run6,f_dataset-MH03_stereo_inertial,GT_MH03,2.9538975032607486,2.4428232541050448,6.493944086341891,1.6607603707259284,1.6354757981057588,0.5968479173465745
2026-01-26_21-29-20MH03run7,f_dataset-MH03_stereo_inertial,GT_MH03,0.3180337636382461,0.2388655546555323,2.445679968450148,0.20997314498052533,0.21502834949873986,0.9998080031732339
2026-01-26_21-29-20MH03run8,f_dataset-MH03_stereo_inertial,GT_MH03,0.42243764022782376,0.2860147971817336,3.160388528489352,0.31088437669709945,0.22625266382509135,0.9969995654180046
2026-01-26_21-29-20MH03run9,f_dataset-MH03_stereo_inertial,GT_MH03,2.2018543874357137,1.7782642283176477,4.883123614995111,1.2984371674269577,1.0872676883493788,0.729069174393054
2026-01-26_21-29-20V101run1,f_dataset-V101_stereo_inertial,GT_V101,0.5508838545902272,0.3725304499258818,4.853208536553983,0.40582519035442655,0.28355465743836006,0.9709855404985928
2026-01-26_21-29-20V101run10,f_dataset-V101_stereo_inertial,GT_V101,0.7609247413854027,0.3523165439405677,5.423013748118406,0.6744475627639379,0.2375841438150011,0.8221863760266958
2026-01-26_21-29-20V101run4,f_dataset-V101_stereo_inertial,GT_V101,0.8672956524948181,0.7041298035104414,6.063956518483638,0.5063624873988588,0.6764822882362582,0.8287194213231845
2026-01-26_21-29-20V101run5,f_dataset-V101_stereo_inertial,GT_V101,0.9302491202859452,0.8172051652465748,5.424357452198615,0.4444537587726009,0.8882048035469098,0.8675565465481984
2026-01-26_21-29-20V101run6,f_dataset-V101_stereo_inertial,GT_V101,1.0824881219398952,0.9553457142689427,5.33368327055712,0.5090138508615707,0.9199732605878167,0.8235149775585671
2026-01-26_21-29-20V101run7,f_dataset-V101_stereo_inertial,GT_V101,0.5175398863616583,0.24888960761768453,6.134658403689956,0.45376370193654003,0.16755416966023012,0.9458710203319375
2026-01-26_21-29-20V101run9,f_dataset-V101_stereo_inertial,GT_V101,0.42430584823882384,0.21783367257265246,4.130910208421396,0.36412078208086146,0.13537908944545685,0.9542392211344439
2026-01-26_21-29-20V201run2,f_dataset-V201_stereo_inertial,GT_V201,0.7683638460232577,0.5983202742232601,4.861247133789544,0.48207452673736584,0.46283950188571893,1.211603069621068
2026-01-26_21-29-20V201run7,f_dataset-V201_stereo_inertial,GT_V201,0.678868913401728,0.4897809079642101,5.281513203447788,0.4700826137786811,0.34703236192193976,1.1657552314505275
2026-01-26_21-29-20V201run8,f_dataset-V201_stereo_inertial,GT_V201,1.77768295787278,1.2729085206898265,7.376527305803283,1.2409111961242645,0.8971346854798063,0.5867245354707261
2026-01-26_21-29-20V201run9,f_dataset-V201_stereo_inertial,GT_V201,1.6592373651765926,1.1775209789964745,6.525431891006669,1.168979460051093,0.7720963204562554,0.6235371226787422
2026-01-26_21-29-20V202run7,f_dataset-V202_stereo_inertial,GT_V202,1.2987852543925738,0.7547182497223756,6.919345713460582,1.0569973985604584,0.5677347898917753,0.6740109129908182
