run_id,dataset,trans_rmse,trans_mean,trans_median,trans_std,trans_max,rot_rmse,rot_mean,rot_median,rot_std,rot_max
kf_dataset-MH01_stereo_imu,MH01,1.2560077717518285,0.8244278285515882,0.47973101950205455,0.9475622819692151,5.311074078324561,27.135453261804056,13.075425903551631,4.428297923382262,23.777427555652096,172.13048364970027
kf_dataset-MH01_stereo_imu,MH01,1.4188016071044667,0.9383397033855664,0.478205796594779,1.0641976326662752,5.2368416718747985,27.028040136710132,14.941445637787101,4.706863005206321,22.52261432171378,110.62961963806346
kf_dataset-MH01_stereo_imu,MH01,1.2271111693064491,0.7807462567905139,0.3976765989871337,0.9466980006022202,5.245083974883231,24.639429121039516,12.468733432799656,3.6953820814529514,21.25163885427461,109.03176823059863
kf_dataset-MH01_stereo_imu,MH01,1.375146176645318,0.8884614465078577,0.4737269645455954,1.0496014792345718,4.973282526251032,25.74035914942774,13.06137765374505,3.8818117216986,22.180317917644413,116.43935027824865
kf_dataset-MH01_stereo_imu,MH01,1.5910340300002372,1.0087950468756663,0.4775042757678998,1.230334035137579,6.5831917831870195,29.974890624661768,14.963527283168924,4.512502181580679,25.97281115332522,172.28326182633253
kf_dataset-MH01_stereo_imu,MH01,1.4649710545075911,0.9074735935651828,0.4581108400636534,1.150057332278255,6.517212496475791,26.430892612840143,13.734878547254903,4.0619039396398895,22.581966158942958,136.19194136827954
kf_dataset-MH01_stereo_imu,MH01,1.170470293937472,0.7701544837229948,0.3970857244262733,0.8813981961584898,4.078305976167389,27.57547371761918,13.52315977686349,4.096147335736436,24.03187259454676,155.311949144397
kf_dataset-MH01_stereo_imu,MH01,1.203963097057071,0.7535272458701974,0.36958904534048576,0.9390015062855483,5.083183846892205,25.769868963527237,12.772419477356625,4.060065154430792,22.381944667338566,141.09919108589983
kf_dataset-MH01_stereo_imu,MH01,1.177994382761086,0.7399227501493927,0.38602033795831325,0.916616108099804,4.846832296561771,24.080167592385866,11.239672792826058,3.859549234350139,21.296108254505004,176.105227534047
kf_dataset-MH01_stereo_imu,MH01,1.3776045665538024,0.8912666503833437,0.48591628009205534,1.050446619159843,4.619490047774937,24.415827554300705,13.862408757092316,4.631915548135039,20.098911876333993,106.25360473356055
kf_dataset-MH02_stereo_imu,MH02,1.110890595823622,0.7472720567199486,0.4704337735941176,0.8219868545998161,4.320687650937352,20.872729139611806,10.543656040252802,3.789531956967449,18.01394290654993,102.66971929909859
kf_dataset-MH02_stereo_imu,MH02,0.8986523553191575,0.6284947057015007,0.3548342015709265,0.6423164801138558,2.83737198386095,21.005391768599086,9.540991895373738,2.9839164992416727,18.71352337227661,122.36860007721744
kf_dataset-MH02_stereo_imu,MH02,1.2028243511695584,0.8246823103856499,0.46079034208785424,0.8756057941239629,3.996781504048448,21.7130206778857,10.529358563501992,4.017974238438565,18.989151513416797,126.00733310592065
kf_dataset-MH02_stereo_imu,MH02,1.3079319663702018,0.8464401626707296,0.4767306411316347,0.9971083590417703,5.574450809986065,24.043271694142188,10.520658928074656,2.888814300340896,21.619311956615597,119.56057956638195
kf_dataset-MH02_stereo_imu,MH02,1.0944998129747732,0.7499916860687224,0.43248434100317956,0.797146355087702,4.2497644601124,22.648121901510706,10.86413881208837,3.3954586601463594,19.872290092924974,110.7464828504818
kf_dataset-MH02_stereo_imu,MH02,1.1625055821596109,0.6886648920391516,0.37984915330061264,0.9365681475605281,6.289819189809143,21.372610846355997,10.051301916121702,3.1190837936215337,18.861596543790828,109.39414930566039
kf_dataset-MH02_stereo_imu,MH02,1.1214572552705222,0.7271460040182792,0.3631247829464809,0.8537710842135272,4.977861910051804,22.896370233283925,10.668079910046936,2.8158471653598136,20.259216196399677,111.98404764516992
kf_dataset-MH02_stereo_imu,MH02,1.112686592392868,0.659499313529903,0.3093771846162421,0.8961763823848735,5.907864591986182,19.787808916570484,9.604393260849115,3.5275487448086342,17.300665068420415,110.04440697671498
kf_dataset-MH02_stereo_imu,MH02,1.028954836992312,0.6985148431393667,0.42469875525576745,0.7555296622131132,3.5792671758658536,20.513129998827576,10.754357563683204,4.809816086206107,17.46803640199006,107.16349927873627
kf_dataset-MH02_stereo_imu,MH02,1.1755189026696635,0.75596916297395,0.4560914641051373,0.9001973756716662,5.969566783994155,23.56707196275318,11.3621704400457,3.116114501321079,20.647226539875486,106.36964727673794
kf_dataset-MH03_stereo_imu,MH03,2.9986454499968174,1.6465523361092504,0.7492918186964774,2.506140446830501,14.381090064896387,31.58822917861737,18.797705341342787,10.542168991378942,25.386265903848617,167.29093856189056
kf_dataset-MH03_stereo_imu,MH03,3.0939690835767224,1.8088885447903542,0.7654846797890904,2.510093010757732,10.758416957655315,33.48937178429602,20.51453688960995,11.02161967018111,26.470583648866427,145.35217674845762
kf_dataset-MH03_stereo_imu,MH03,3.1320815161540017,1.6658480311636557,0.5622515065296796,2.6523357556881293,11.32775966846602,33.659740470584815,18.997372169951156,8.478480216327917,27.78629120957834,175.8030859498685
kf_dataset-MH03_stereo_imu,MH03,3.109733587997581,1.7999307746158448,0.8764921865144372,2.5358809504610256,14.284476636113407,37.247329744417726,22.034006177413655,10.398008720059707,30.03108630840853,173.5912069728869
kf_dataset-MH03_stereo_imu,MH03,3.320327001012247,1.7580148928414856,0.6855227861058072,2.816727716730625,14.19481749934688,35.46634932451571,19.998118689269916,9.943829515759294,29.290564748711304,177.68168067527594
kf_dataset-MH03_stereo_imu,MH03,2.7680023242195704,1.6393722385699951,0.7567991744718263,2.2303128772194603,14.14219615911603,35.071628641946084,20.71325576076171,9.790753846585805,28.301593089221043,166.769890805209
kf_dataset-MH03_stereo_imu,MH03,2.517081651157403,1.4687935782171788,0.655328913235783,2.044100159772327,10.619541238587175,30.029375303096423,17.895958867099342,9.968584155381906,24.114270408231427,145.1142854078516
kf_dataset-MH03_stereo_imu,MH03,3.0311094578724735,1.6432856647991125,0.6802971076641421,2.5470054514016454,12.203565841090846,35.201956780047546,19.31870158356633,8.666719611315218,29.427292268733233,156.25082656188997
kf_dataset-MH03_stereo_imu,MH03,2.8960589032917543,1.625641541232305,0.6311290765167393,2.3967575494311673,11.822554561808,33.159071494616796,19.662882879665002,9.74266767263624,26.700094742260475,172.09429740639754
kf_dataset-MH03_stereo_imu,MH03,3.4833783888429672,1.9956228324793976,0.6996430393844899,2.8550682146570736,13.334543684713262,37.22949832278076,22.231298178046973,10.478214438349596,29.86310309871868,168.73845271061919
kf_dataset-MH04_stereo_imu,MH04,1.4951345873774875,1.0114558443368535,0.7095930361511876,1.1010833344162798,6.498662696166556,16.342551807343597,10.063320830383676,6.073623181955831,12.876667792580326,79.05838804639934
kf_dataset-MH04_stereo_imu,MH04,1.742553393857929,1.0785652461479547,0.7158304521535042,1.3686450746075796,9.620225882363602,15.578668594770233,10.373471660404466,6.534230914994637,11.622650338733665,66.01208079753049
kf_dataset-MH04_stereo_imu,MH04,1.5201168378321914,1.018646637307982,0.7221268315145826,1.1283236366229688,7.997711993524108,16.120395344565377,9.670148920326183,5.465096711107735,12.897882226311397,78.58064228004537
kf_dataset-MH04_stereo_imu,MH04,1.557724718050159,1.0018152918798269,0.7353193912572622,1.1928421597932326,9.603978718145601,14.61490032324053,9.815793336250731,6.092921611826403,10.827996704759007,65.08361445765286
kf_dataset-MH04_stereo_imu,MH04,1.577483132872723,1.001009868798466,0.6548466578878537,1.2191932894607065,8.653265787616178,14.680899532714779,9.65406500730442,5.686431577975254,11.060191676657567,67.32283702584711
kf_dataset-MH04_stereo_imu,MH04,1.5444115435053298,0.9864476826009508,0.6683463372582965,1.1883299142930506,8.473823001335315,14.205003300262181,9.727635304965137,6.826791825120865,10.351581045137754,65.71222036216835
kf_dataset-MH04_stereo_imu,MH04,1.686804961371285,1.0712983811366499,0.7444190528472484,1.3029316007683502,9.148281278924218,15.357245430697402,10.287046053260989,5.631391185916693,11.402704535186546,66.79178973178007
kf_dataset-MH04_stereo_imu,MH04,1.5730251097760988,0.993379931041262,0.6996546711839604,1.219673853368418,7.836714952929076,13.916926412270382,9.728619046490012,6.2318521115519765,9.951623596821815,59.327213635235566
kf_dataset-MH04_stereo_imu,MH04,1.78686009855085,1.1660125205832117,0.7916430825967358,1.3539881142891685,8.37674298950408,18.364645148412407,10.749196592055336,5.094362292212716,14.890096173378238,91.9038322748913
kf_dataset-MH05_stereo_imu,MH05,1.6637653297657682,1.1024172605456044,0.6243002188908537,1.2461104510362322,8.17342330947565,19.913580129324,10.557911761392914,4.530984846210131,16.88434697599077,89.56494045324729
kf_dataset-MH05_stereo_imu,MH05,1.7100524347399046,1.1054450371803768,0.70167385868832,1.3047109255820428,10.021893583700201,19.485979970505102,10.634238673276107,5.269725978676189,16.328391937074663,97.79354965945103
kf_dataset-MH05_stereo_imu,MH05,2.1892660345870025,1.2392862892668361,0.7167826130067498,1.8047313549200434,13.893299331739785,21.284304918827946,11.851040762951529,5.352094857366463,17.679775697460215,97.51550021134584
kf_dataset-MH05_stereo_imu,MH05,2.1145078323424893,1.2850499103960669,0.6195874621248351,1.6792230646429303,10.441428639328146,23.530267689718567,11.863787858885505,4.092658711719728,20.320532354964875,145.34168098226058
kf_dataset-MH05_stereo_imu,MH05,1.9151263582924978,1.128539796067804,0.6423967058912635,1.5472901786406852,13.39611067998032,18.806450474662967,10.698140642572035,4.880783790916255,15.46713826949573,87.2731324411752
kf_dataset-MH05_stereo_imu,MH05,2.3570160434897853,1.2695461038927,0.5537928017749982,1.9858945891862207,15.053439858511476,21.876118542101477,11.59803505173982,4.900154314143792,18.548588771297148,91.64936763409537
kf_dataset-MH05_stereo_imu,MH05,1.9661342327382874,1.3501997538318036,0.6866870174049714,1.4292111271249992,6.043120488407626,21.807553060108496,12.42959348231396,4.91741126968141,17.91855396882979,95.97781795997501
kf_dataset-MH05_stereo_imu,MH05,1.862409656098727,1.1760844926505465,0.6926100357391187,1.444089676327854,10.219563399022544,22.725631685966437,11.187191582973472,4.504473203587322,19.78133160361176,137.43759615805897
kf_dataset-MH05_stereo_imu,MH05,2.3936365372748534,1.3936830858953762,0.6307373615330862,1.9460584083388384,12.681730301976977,23.379809270154823,12.964160437629474,4.978493642252375,19.456259292480148,98.94616274771275
kf_dataset-MH05_stereo_imu,MH05,1.8074099881986945,1.0777416567973925,0.6086756505945,1.4509320406704154,10.958586684916554,19.512585940371313,10.232441848704434,5.141106606441682,16.614395682457378,99.45329166242658
kf_dataset-V101_stereo_imu,V101,1.1361673555312959,0.7682881175225474,0.4370155521846396,0.8370242698086112,3.871842746693339,45.002832652995885,29.460256560138014,16.3277099045945,34.01982113716058,179.24266480322126
kf_dataset-V101_stereo_imu,V101,1.2469453000779371,0.8196431835264267,0.3943993563714569,0.9397114626762417,4.156224762728904,52.37086361049002,34.04890510348835,17.646721586073102,39.79170034771311,173.13149605044055
kf_dataset-V101_stereo_imu,V101,1.3844494583817042,0.8639916959968694,0.4979893304220226,1.0817664498688464,4.815085923085677,54.4296704134759,34.47276612366806,17.627010021534215,42.12146029166721,175.14366396619445
kf_dataset-V101_stereo_imu,V101,1.2086468033176883,0.8104424078034285,0.40915359098863685,0.896666157945,4.4704716084184515,49.318093831863706,31.922439017422438,15.25749169434921,37.5929816107669,175.78862205994815
kf_dataset-V101_stereo_imu,V101,1.2580036974519753,0.775769799209558,0.40262823117287844,0.99033051121189,4.813478294273971,46.8212258328453,30.41117238347354,17.5714647766591,35.600390205065956,167.87982207962983
kf_dataset-V101_stereo_imu,V101,1.3107691066966194,0.8499303997341515,0.519607722373412,0.9978647035936279,4.133547691158864,51.41070132802121,33.583928128421334,17.864154533886826,38.92531287612256,177.77680138854885
kf_dataset-V101_stereo_imu,V101,1.2172825538912284,0.7831319778763807,0.40391450915369764,0.9319233451498998,4.441750769052004,47.664323060489984,32.04807293437937,19.402566776971394,35.28184680550974,160.62113652645272
kf_dataset-V101_stereo_imu,V101,1.2901486873521222,0.8061319794978472,0.4491887885717637,1.0072908552683706,4.843619222715222,52.74143711534922,35.04250375623771,16.937278982260626,39.41677459516953,164.32437368331716
kf_dataset-V101_stereo_imu,V101,1.2787960794993818,0.8720257831532252,0.45974283718583997,0.9353557860295694,3.9718832214494797,50.3907396451662,33.59874762365101,19.973702683832506,37.55463753132401,173.96490431191566
kf_dataset-V101_stereo_imu,V101,1.240785501824006,0.8690757022105688,0.5365303080000223,0.8855823425090729,3.7670045603873135,49.58441565969487,33.266196420365524,20.547706693678034,36.76920521353506,165.3337597820674
kf_dataset-V102_stereo_imu,V102,1.3550297715616197,0.8715495993016451,0.43835383193267297,1.037548542370658,5.516827658864285,45.39462924852127,32.483958531371634,23.02908764069592,31.709064993197625,153.26333235865337
kf_dataset-V102_stereo_imu,V102,1.4143867754875703,0.8975918511765532,0.48172476591617447,1.0930776822237183,5.418892825468359,51.432249011311974,36.6709450768185,25.278962187066423,36.062695760779754,160.57210625880788
kf_dataset-V102_stereo_imu,V102,1.3158960596376428,0.8637027097596485,0.43442796330859806,0.9927739263919632,4.987459542427565,46.91062917737326,33.686979230909,22.904873314916337,32.64650915662086,132.62500827866904
kf_dataset-V102_stereo_imu,V102,1.4550415390109785,0.8454512274374035,0.43247242173300804,1.184212017449589,8.34355883082178,46.838428693010194,33.033883950829896,23.04202534631032,33.205435000212006,161.72491914257225
kf_dataset-V102_stereo_imu,V102,1.395668231360852,0.9004558727976145,0.4424630693321292,1.0663343908803724,4.7273191206164356,50.468774083263156,36.15306195261282,25.20193248748836,35.214390083004325,175.84771256461323
kf_dataset-V102_stereo_imu,V102,1.4978092726878651,0.9712854858673861,0.4615671376445604,1.1401917041853564,4.518765607546403,51.15145379707663,35.726910806827675,23.65140268363352,36.60681725792949,177.2648597174598
kf_dataset-V102_stereo_imu,V102,1.3812023461733427,0.8697649887875636,0.4567938030557132,1.072953300639928,4.753629995968632,50.571601937901654,35.62663645044596,24.22190795827967,35.89191688658234,172.00630068457164
kf_dataset-V102_stereo_imu,V102,1.3940424489074088,0.8720968129489953,0.4467161632272126,1.0875667787312975,6.547113857647658,44.7679205099999,32.23437817565409,22.89617424115196,31.066244871541592,138.23103326564421
kf_dataset-V102_stereo_imu,V102,1.2995725961563707,0.8550648712373,0.4360856224857405,0.9786485572750555,4.395391026925453,46.878304276042655,34.47482610200083,23.09881447454189,31.76573274826257,149.88601414044481
kf_dataset-V102_stereo_imu,V102,1.476498759456965,0.8846052434015843,0.4618737246138358,1.1821684101786771,6.2075601665640745,48.00703036344128,34.47287939934532,23.051298412774663,33.41100941657653,155.98945433085578
kf_dataset-V103_stereo_imu,V103,1.2872503529001948,0.8337165695858169,0.4746180937248825,0.9807803794120953,5.70517786748698,48.176226778056886,33.994999669398204,26.827862260630944,34.13632704390414,176.8899992331638
kf_dataset-V103_stereo_imu,V103,1.5164439443000761,0.9010247497678135,0.5254521188879302,1.2197362979391166,8.644769603386884,51.728864919998415,35.5784893851601,22.311446571516573,37.550586666275855,178.54268377497309
kf_dataset-V103_stereo_imu,V103,1.5421269695475777,0.9335154986896422,0.5519919506554434,1.2274788812489703,8.493272230861729,53.63946178193782,35.86835808458445,21.60020940455185,39.882988210162885,178.48189719230373
kf_dataset-V103_stereo_imu,V103,1.1291652205627436,0.7883991811459509,0.49297469878472217,0.8083568682808998,3.5230258391099096,50.289247021962716,34.465653767672485,19.725886225818453,36.621401890191336,175.81916779242545
kf_dataset-V103_stereo_imu,V103,1.2401707622709188,0.8075622981084667,0.42160866266301267,0.9412048949433933,6.465893703730966,49.841481984732944,35.380450384502964,22.433418332587607,35.1055131998406,162.1062183384642
kf_dataset-V103_stereo_imu,V103,1.3682815572795526,0.8412621410627805,0.44068607082547484,1.0791072374911697,8.206755166805673,50.57877402451436,34.127063967275056,19.073293719406472,37.33036146083245,174.04498982890775
kf_dataset-V103_stereo_imu,V103,1.3944630978605295,0.8298206556111918,0.44442108898397314,1.1206806016059154,7.994136318875904,44.136132959799305,31.392955628866748,21.757956361949155,31.02387096300342,153.23652289893104
kf_dataset-V103_stereo_imu,V103,1.4561709902721858,0.8696792631102066,0.5358344227476168,1.1679434627696528,8.97376507378516,47.95556518790165,34.16053638882055,23.29260992433904,33.65700500815768,149.64384742279913
kf_dataset-V103_stereo_imu,V103,1.4374476490479142,0.8283466381058339,0.4406249442805328,1.1747755491548748,8.812353635401761,53.061129236192905,36.100272827259204,18.947857545195735,38.88770676727307,171.79038681254207
kf_dataset-V103_stereo_imu,V103,1.3982743750103679,0.8669391964434028,0.5263036236451755,1.0970814270056268,8.208789173146844,52.094203906931924,36.3004493228234,29.113464069566685,37.36420024111491,170.33814836815176
kf_dataset-V201_stereo_imu,V201,0.8533076275049316,0.5937774910881403,0.3596739352498939,0.6128312967164524,2.7233178948521957,48.80468520315445,27.457052481130606,9.114766226508483,40.348575771982865,150.24032552537471
kf_dataset-V201_stereo_imu,V201,0.7818053125681285,0.5211432933939711,0.2781199284431658,0.582777156819169,2.381661093869586,47.041444837930456,27.316473997946055,8.185039447932152,38.29762108486102,153.073512456333
kf_dataset-V201_stereo_imu,V201,0.6172192698762808,0.4470959181909195,0.29911266546793985,0.425517175967819,1.7653802362268496,43.75811477625083,24.043948206325943,7.58625520076054,36.560376959531695,172.03121829806113
kf_dataset-V201_stereo_imu,V201,0.7053257606686338,0.47725600070804547,0.2921133479581459,0.5193372107320533,2.6526449039613276,43.729325314244655,24.23121933682781,7.770207681759059,36.40194914959335,150.6069577684124
kf_dataset-V201_stereo_imu,V201,0.7534287154092634,0.5351597839895453,0.38096637056425603,0.530338415357134,3.0166462302753354,49.77600649387897,29.22616750739236,7.668107262341194,40.2924553149659,151.16314729629923
kf_dataset-V201_stereo_imu,V201,0.8532316137632463,0.5307195499141997,0.2981538399036045,0.6680875287444775,4.094507209980394,44.45785987119154,23.811801660739025,7.036353797682505,37.543300414270036,165.58212113398713
kf_dataset-V201_stereo_imu,V201,0.6410816434191874,0.4704462381511397,0.3176869752136724,0.43550661365642573,1.8585540696710123,45.92922295196777,24.594534389594788,8.389145987076962,38.78920467257099,175.1098169077219
kf_dataset-V201_stereo_imu,V201,0.7255018916977121,0.5266984260702775,0.3532727951807342,0.49894064058969106,2.018043615933053,50.090691899864,28.85050454322743,8.743755390584358,40.947842465853,138.24288570436892
kf_dataset-V201_stereo_imu,V201,0.7570054320577351,0.567768130860682,0.416933021851343,0.5006960892037062,2.7698932168227874,46.11225707694422,27.045215368106625,8.90829805798113,37.34831426480881,148.26943599549665
kf_dataset-V201_stereo_imu,V201,0.7698222263290543,0.5722882871149377,0.38106327917243943,0.5148906452648683,2.452573200571372,51.60998380100495,28.943772462916815,7.886348000605195,42.72994808743502,154.15372588540723
kf_dataset-V202_stereo_imu,V202,1.2073188550314033,0.794546126723729,0.3988999640425585,0.9090188503120598,4.875129780696516,53.541192376527256,35.46304995941634,19.32778222620874,40.112733248636175,165.2837481277371
kf_dataset-V202_stereo_imu,V202,1.2298492054272732,0.8181666628170915,0.5210742293970582,0.9182224022233606,4.644375581761012,51.266469513719166,36.19223399658451,23.79900988456854,36.30940779932342,148.2555227389774
kf_dataset-V202_stereo_imu,V202,1.3304056932109083,0.854580215456276,0.4293298244412433,1.0196430570933646,5.470312904979407,59.23743621233008,40.011607758370644,23.93150832460732,43.68232014900501,168.2348801425399
kf_dataset-V202_stereo_imu,V202,1.2874507486212432,0.9037730931475116,0.6186433390223924,0.9169098244800187,4.942716865343966,57.58614084300745,39.5049990093705,23.234125005452935,41.898910134516925,156.47532084824536
kf_dataset-V202_stereo_imu,V202,1.426615772237068,0.9423451807756504,0.5151188588081923,1.0710826867541428,5.452338557903234,56.32631658017498,38.48518105282821,22.590397991480494,41.12839382739287,154.81359872533787
kf_dataset-V202_stereo_imu,V202,1.2736728585543664,0.8396436216629152,0.47611613659171625,0.957727069273305,4.534118171796257,55.7953874058143,38.120806703122184,24.051742493020924,40.74223057305645,158.86522205910023
kf_dataset-V202_stereo_imu,V202,1.4836333893402986,0.9681280210919284,0.4372558434314139,1.1242313679763651,5.421299359920167,56.97243311027581,38.71043052507305,22.360244914226897,41.80144379167235,171.3045279692881
kf_dataset-V202_stereo_imu,V202,1.2949421650482,0.8643106127938913,0.46883616845503195,0.9642833481044708,5.352640923885058,58.26344935922226,39.403770080533995,22.584806555595435,42.918206331055714,177.0668638029163
kf_dataset-V202_stereo_imu,V202,1.4098795535532727,0.8953131906119581,0.4300086542968604,1.089116452104095,5.899821088954888,56.42198958037813,39.82045581691614,26.014182182284102,39.97214288403022,179.35958005522087
kf_dataset-V202_stereo_imu,V202,1.36530255523292,0.8914209814548817,0.4467479917107877,1.0341275071999372,5.44558566014944,55.30524654650162,37.54969231294054,22.23721215629603,40.60407495280274,163.68932801424126
kf_dataset-V203_stereo_imu,V203,0.8688296535999697,0.5364476874010383,0.31262757264033136,0.6834389845894959,3.755729789139868,43.656820361288496,26.878499307089307,15.584082204687412,34.40151506920318,168.3447539822796
kf_dataset-V203_stereo_imu,V203,0.9493900351144461,0.6119673510214156,0.3777521906020903,0.7258356563702562,3.8794301977883334,44.647511741299795,28.62202701772155,15.059910448427747,34.26630814789245,156.63483701921854
kf_dataset-V203_stereo_imu,V203,0.9942423002743705,0.6252489858095492,0.35272170923616397,0.7730339303025461,5.8432291834865175,44.668872136332595,27.875997754562107,16.761837678896523,34.903250380439914,177.29311242269105
kf_dataset-V203_stereo_imu,V203,1.0040858272438578,0.6154388618119174,0.31724546335889103,0.7933620584850486,5.757894152053874,46.233203557839,28.371666787813155,15.533728723411908,36.50421393348824,177.87004383234563
kf_dataset-V203_stereo_imu,V203,1.066409870188579,0.6621553631364515,0.3844819387419024,0.8359307903799548,6.037366802893016,46.72345809668158,29.6447768601302,16.249525533672802,36.114661031573426,172.86705862227888
kf_dataset-V203_stereo_imu,V203,0.8980767092894204,0.5773320104632442,0.34567058871286305,0.6879168012649368,3.752256884389368,47.45554298927302,28.60888002745399,14.178959583291956,37.862389570409896,177.2299955774195
kf_dataset-V203_stereo_imu,V203,1.0112378770626438,0.583038011459862,0.316170113471702,0.8262376904977722,6.1643605431453405,42.74066995588399,27.178171720698373,16.645027416109308,32.98654043997393,177.4868147007609
kf_dataset-V203_stereo_imu,V203,1.1572487652808914,0.6772536716664322,0.33648993212720657,0.9383774128560877,6.401475677190552,47.79007962702134,28.910704824799986,15.88777012377134,38.05342109837599,167.1121188464306
kf_dataset-V203_stereo_imu,V203,0.9738606542909967,0.5782244016683118,0.32065119347462645,0.7836205174007449,5.473856563845817,43.952381066334326,26.86008644250173,15.864525386027584,34.79004969386504,178.7462322974808
kf_dataset-V203_stereo_imu,V203,0.9225077750180674,0.579587894471177,0.35741161178875197,0.7177036070351417,4.289761502319257,41.62251894684613,26.878161476125225,16.789867917558603,31.780473865943268,179.56667342291163
